label_bucket,market_record_id,market_index,market_constraint,match_source,candidate_record_id,candidate_index,candidate_constraint,facility_score,contingency_score,voltage_match,voltage_near_match,token_overlap,zone_overlap,interface_keyword_match,embedding_similarity,rule_score,rule_score_v1,rule_score_v2,best_score,second_best_score,score_margin,ambiguity_flag,manual_label,review_notes
high_confidence,10000467244,3163,AMOS 765 KV AMOS 6 XFORMER,pano,12516,12515,AMOS     6        XFORMER   H  765 KV,0.8,1,1,1,0.909091,0.75,0,,0.892955,0.875,0.892955,0.892955,0.694935,0.19802,FALSE,1,
high_confidence,10016430043,2073,BEAV DUQ138 KV  BEA-CRE8,pano,9521,9520,BEAV DUQ138 KV  BEA-VAL,0.75,1,1,1,0.857143,0.6,0,,0.860357,0.835,0.860357,0.860357,0.793864,0.066493,FALSE,1,
high_confidence,10004183139,2193,BAGLEY  230 KV  BAG-RAP5,pano,5276,5275,BAGLEY 230KV - RAPHAERD 230KV (BAGLEY 230 KV BAG-RAP5),0.75,1,1,1,0.875,0.545455,0,,0.858523,0.829545,0.858523,0.858523,0.748333,0.11019,FALSE,1,
high_confidence,10000570017,1647,FOURRIVR 230 KV FOURRIVR-STJOHNS4 256A,pano,1733,1732,FOURRIVR 230KV - STJOHNS4 230KV (FOURRIVR 230 KV 256A),0.75,1,1,1,0.857143,0.571429,0,,0.858929,0.832143,0.858929,0.858929,0.678571,0.180358,FALSE,1,
high_confidence,10000566176,1051,SEWARD 115 KV SEWARD-TOWER51 H1H2 1097,pano,5318,5317,SEWARD 115KV - TOWER51 115KV (SEWARD 115 KV SEW-TOW),0.8,1,1,1,0.888889,0.666667,0,,0.887778,0.866667,0.887778,0.887778,0.707436,0.180342,FALSE,1,
high_confidence,10000575840,1229,3ROCKY 115 KV 3ROCKY -BATTLEBO 123A,pano,3132,3131,3ROCKY 115KV - BATTLEBO 115KV (3ROCKY 115 KV 123A),0.857143,1,1,1,0.923077,0.571429,0,,0.91044,0.885714,0.91044,0.91044,0.802747,0.107693,FALSE,1,
high_confidence,10000568966,4398,GEORGEWA 138 KV GEORGEWA-NATRIUM2,pano,4393,4392,GEORGEWA 138KV - NATRIUM2 138KV (GEORGEWA 138 KV GEO-NAT1),0.8,1,1,1,0.875,0.666667,0,,0.887083,0.866667,0.887083,0.887083,0.69125,0.195833,FALSE,1,
high_confidence,10000566135,1920,KEYSTONE 230 KV KEYSTONE-SHELOCTA KHC 2014,pano,6024,6023,KEYSTONE 230KV - SHELOCTA 230KV (KEYSTONE 230 KV KEY-SHE),0.727273,1,1,1,0.8,0.769231,0,,0.855734,0.840559,0.855734,0.855734,0.753234,0.1025,FALSE,1,
high_confidence,10016776077,3550,GREYSPT 115 KV  GRE-HARM,pano,4684,4683,HARMONYV 115KV - GREYSPT 115KV (GREYSPT 115 KV GRE-HARM),0.75,1,1,1,0.857143,0.666667,0,,0.86369,0.841667,0.86369,0.86369,0.649405,0.214285,FALSE,1,
high_confidence,10002864514,2776,CARL PN-GARDNERS 1049 B 115 KV,pano,1908,1907,GARDNERS 115KV - CARL PN 115KV (CARL PN 115 KV CAR-GAR),0.909091,1,1,1,0.941176,0.8,0,,0.94615,0.934545,0.94615,0.94615,0.840267,0.105883,FALSE,1,
high_confidence,10002892174,4174,BERGEN  138 KV  BER-FAIM,dayzer,533209,8122,BERGEN_138 KV_BER-FAIM:345/138.Bergen.345-1,1,0,1,1,0.666667,0.285714,0,,0.866667,0.678571,0.866667,0.866667,0.767143,0.099524,FALSE,1,
high_confidence,10016017601,4446,ELIMA   138 KV  ELI-HAV1,pano,5498,5497,HAVILAND 138KV - ELIMA 138KV (ELIMA 138 KV ELI-HAV1),0.75,1,1,1,0.857143,0.6,0,,0.860357,0.835,0.860357,0.860357,0.646071,0.214286,FALSE,1,
high_confidence,10016883528,318,MAROA-E GOOSECREEK 345KV L/O FARADAY-KANSAS 345KV,pano,4226,4225,Maroa-E GooseCreek 345kV l/o Faraday-Kansas 345kV,1,1,1,1,1,0,0,,0.95,0.9,0.95,0.95,0.728571,0.221429,FALSE,1,
high_confidence,10000566592,1070,KEENEY 230 KV KEENEY-STEELE 23009,dayzer,529521,5607,KEENEY_230 KV_KEE-STE9:Keeney-Steele.23001,1,0,1,1,0.727273,0,0,,0.872727,0.65,0.872727,0.872727,0.692045,0.180682,FALSE,1,
high_confidence,10003892864,4408,CENTER-WESTPORT 110552 A 115 KV,dayzer,521161,4346,CENTER 115 KV CEN-WES2 Westport-Center (110551) 115 KV line,1,0,1,1,0.666667,0.545455,0,,0.866667,0.704545,0.866667,0.866667,0.727143,0.139524,FALSE,1,
high_confidence,10016430921,2333,YUKON    Y2           CB       138 KV,pano,5874,5873,YUKON    Y2           CB       138 KV,1,1,1,1,1,0.857143,0,,0.992857,0.985714,0.992857,0.992857,0.547033,0.445824,FALSE,1,
high_confidence,10000565451,2567,BRUNNERI 230 KV BRUNNERI-YORKANA 1055,pano,2624,2623,BRUNNERI 230KV - YORKANA 230KV (BRUNNERI 230 KV BRU-YOR),0.8,1,1,1,0.833333,0.833333,0,,0.893333,0.883333,0.893333,0.893333,0.737381,0.155952,FALSE,1,
high_confidence,10003892864,4012,CENTER-WESTPORT 110552 A 115 KV,pano,5388,5387,WESTPORT 115KV - CENTER 115KV (CENTER 115 KV CEN-WES2),0.888889,1,1,1,0.941176,0.666667,0,,0.930392,0.911111,0.930392,0.930392,0.792262,0.13813,FALSE,1,
high_confidence,10000569620,2055,STURGIS 69 KV STURGIS-HOWE TIE,pano,5619,5618,HOWE 69KV - STURGIS 69KV (STURGIS 69 KV STU-HOW1),0.8,1,1,1,0.857143,0.666667,0,,0.88619,0.866667,0.88619,0.88619,0.696667,0.189523,FALSE,1,
high_confidence,10000566273,3286,DICKERSH 230 KV DICKERSH-DICKERSO 23104,pano,5111,5110,DICKERSH 230KV - DICKERSO 230KV (DICKERSH 230 KV DIC-DIC4),0.8,1,1,1,0.875,0.727273,0,,0.890114,0.872727,0.890114,0.890114,0.783864,0.10625,FALSE,1,
high_confidence,10003892864,5069,CENTER-WESTPORT 110552 A 115 KV,pano,5286,5285,WESTPORT 115KV - CENTER 115KV (CENTER 115 KV CEN-WES2),0.888889,1,1,1,0.952381,0.714286,0,,0.933333,0.915873,0.933333,0.933333,0.747436,0.185897,FALSE,1,
high_confidence,10004075314,2330,ALLENIM 345 KV  ALL-RPM,pano,3270,3269,ALLENIM 345KV - RPMONE 345KV (ALLENIM 345 KV ALL-RPM),0.75,1,1,1,0.857143,0.666667,0,,0.86369,0.841667,0.86369,0.86369,0.756548,0.107142,FALSE,1,
high_confidence,10000568972,2984,GLENLYN 138 KV GLENLYN -PROGRESS GLE1-PRO,pano,4769,4768,PROGRESS 138KV - GLENLYN 138KV (GLENLYN 138 KV GLE1-PRO),0.888889,1,1,1,0.947368,0.615385,0,,0.928138,0.905983,0.928138,0.928138,0.708203,0.219935,FALSE,1,
high_confidence,10000566501,324,CHURCH 69 KV CHURCH-NEWMERED 6704-1,pano,2074,2073,CHURCH 69KV - NEWMERED 69KV (CHURCH 69 KV CHU-NME),0.888889,1,1,1,0.923077,0.833333,0,,0.937821,0.927778,0.937821,0.937821,0.780128,0.157693,FALSE,1,
high_confidence,10000572300,4304,MAPLEOE 138 KV MAPLEOE-JACKSNOE,pano,4344,4343,JACKSNOE 138KV - MAPLEOE 138KV (MAPLEOE 138 KV MAP-JAC1),0.888889,1,1,1,0.933333,0.727273,0,,0.93303,0.917172,0.93303,0.93303,0.826364,0.106666,FALSE,1,
high_confidence,10000569970,2707,CHAPRLTP 230 KV CHAPRLTP-CARSON4 249B,pano,5879,5878,CARSON4 230KV - CHAPRLTP 230KV (CHAPRLTP 230 KV 249B),0.75,1,1,1,0.857143,0.571429,0,,0.858929,0.832143,0.858929,0.858929,0.751786,0.107143,FALSE,1,
high_confidence,10000567115,3020,PLEASNT 138 KV PLEASNT -STMARYS STM-PLE,pano,2640,2639,PLEASNT 138KV - STMARYS 138KV (PLEASNT 138 KV STM-PLE),0.888889,1,1,1,0.933333,0.769231,0,,0.935128,0.921368,0.935128,0.935128,0.828462,0.106666,FALSE,1,
high_confidence,10016241124,4876,EASTPT  115 KV  EAP-GRA4,pano,6070,6069,GRAYMANO 115KV - EASTPT 115KV (EASTPT 115 KV EAP-GRA4),0.75,1,1,1,0.833333,0.545455,0,,0.856439,0.829545,0.856439,0.856439,0.735606,0.120833,FALSE,1,
high_confidence,10000566199,4638,AQUASCO 230 KV AQUASCO -CHALKPT AQU-CHA1,pano,1501,1500,CHALKPT 230KV - AQUASCO 230KV (AQUASCO 230 KV AQU-CHA1),0.888889,1,1,1,0.933333,0.727273,0,,0.93303,0.917172,0.93303,0.93303,0.614103,0.318927,FALSE,1,
high_confidence,10016737222,2470,7713 -981 CRESENT 138 KV FOR LOSS OF POWERTON-TOULON 0321 138 KV,pano,5258,5257,7713 -981 Cresent 138 kV for loss of Powerton-Toulon 0321 138 kV,1,1,1,1,1,0,0,,0.95,0.9,0.95,0.95,0.555385,0.394615,FALSE,1,
high_confidence,10000566997,4240,HEATERS 138 KV HEATERS-SUTTON 52,pano,4430,4429,HEATERS 138KV - SUTTON 138KV (HEATERS 138 KV HEA-SUT),0.888889,1,1,1,0.947368,0.714286,0,,0.933083,0.915873,0.933083,0.933083,0.749817,0.183266,FALSE,1,
high_confidence,10000570709,5167,MTSTORM4 500 KV MTSTORM-PRUNTYTO,pano,4119,4118,PRUNTYTO 500KV - MTSTORM4 500KV (MTSTORM4 500 KV MTS-PRU),0.727273,1,1,1,0.823529,0.666667,0,,0.851783,0.830303,0.851783,0.851783,0.656349,0.195434,FALSE,1,
high_confidence,10000565087,2017,MINUEST 230 KV MINUEST-SEWAREN R-2218,pano,3116,3115,SEWAREN 230KV - MINUEST 230KV (MINUEST 230 KV MIN-SEW),0.8,1,1,1,0.875,0.769231,0,,0.892212,0.876923,0.892212,0.892212,0.785962,0.10625,FALSE,1,
high_confidence,10000566187,4439,UTICAJCT 115 KV UTICAJCT-WAYNE WAE 1010,pano,3143,3142,WAYNE 115KV - UTICAJCT 115KV (UTICAJCT 115 KV UTI-WAY),0.727273,1,1,1,0.823529,0.714286,0,,0.854163,0.835065,0.854163,0.854163,0.603333,0.25083,FALSE,1,
high_confidence,10017064183,3611,EBERSOLE138 KV  EBE-NFI,pano,4144,4143,EBERSOLE138 KV  EBE-NFI,1,1,1,1,1,0.666667,0,,0.983333,0.966667,0.983333,0.983333,0.772877,0.210456,FALSE,1,
high_confidence,10000566137,2598,LAURELL 115 KV LAURELLAKE-TIFFANY 115 KV,pano,1370,1369,TIFFANY 115KV - LAURELL 115KV (LAURELL 115 KV LAU-TIF),0.8,1,1,1,0.875,0.714286,0,,0.889464,0.871429,0.889464,0.889464,0.606456,0.283008,FALSE,1,
high_confidence,10016240939,2423,ALLENIM 138 KV  ALL-LOG,pano,5979,5978,ALLENIM 138KV - LOGTOWN 138KV (ALLENIM 138 KV ALL-LOG),0.75,1,1,1,0.857143,0.666667,0,,0.86369,0.841667,0.86369,0.86369,0.756548,0.107142,FALSE,1,
high_confidence,10017471542,2809,REFORM  138 KV  NNE-REF,pano,2639,2638,REFORM 138KV - NNEWARK 138KV (REFORM 138 KV NNE-REF),0.75,1,1,1,0.857143,0.666667,0,,0.86369,0.841667,0.86369,0.86369,0.54391,0.31978,FALSE,1,
high_confidence,10000565958,5048,MIDDLJCT 115 KV MIDDLJCT-YORKHAVE 977-1,pano,3554,3553,MIDDLJCT 115KV - YORKHAVE 115KV (MIDDLJCT 115 KV MID-YOR7),0.8,1,1,1,0.857143,0.8,0,,0.892857,0.88,0.892857,0.892857,0.795714,0.097143,FALSE,1,
high_confidence,10000565529,223,FRACKVIL 230 KV FRACKVIL-SIEGFRIE,pano,4718,4717,FRACKVIL 230KV - SIEGFRIE 230KV (FRACKVIL 230 KV FRA-SIE),0.8,1,1,1,0.875,0.769231,0,,0.892212,0.876923,0.892212,0.892212,0.755184,0.137028,FALSE,1,
high_confidence,10015744463,144,PIPECREE138 KV  MUL-PIP1,pano,3698,3697,PIPECREE138 KV  MUL-PIP1,1,1,1,1,1,0.571429,0,,0.978571,0.957143,0.978571,0.978571,0.767827,0.210744,FALSE,1,
high_confidence,10002544977,2547,WEFOSTOR138 KV WEF-02W1,pano,4399,4398,WEFOSTOR138 KV  WEF-02W1,1,1,1,1,1,0.571429,0,,0.978571,0.957143,0.978571,0.978571,0.870238,0.108333,FALSE,1,
high_confidence,10016764616,1625,GILBERT 115 KV  GIL-GLEN,pano,1360,1359,GILBERT 115KV - GLENDON 115KV (GILBERT 115 KV GIL-GLEN),0.75,1,1,1,0.857143,0.666667,0,,0.86369,0.841667,0.86369,0.86369,0.704167,0.159523,FALSE,1,
high_confidence,10016240939,2792,ALLENIM 138 KV  ALL-LOG,pano,5687,5686,ALLENIM 138KV - LOGTOWN 138KV (ALLENIM 138 KV ALL-LOG),0.75,1,1,1,0.833333,0.727273,0,,0.86553,0.847727,0.86553,0.86553,0.738333,0.127197,FALSE,1,
high_confidence,10002871423,1450,JOHNSONM-OTTER B 138 KV,pano,2594,2593,OTTER 138KV - JOHNSONM 138KV (JOHNSONM 138 KV JOH-OTT1),0.8,1,1,1,0.875,0.727273,0,,0.890114,0.872727,0.890114,0.890114,0.732078,0.158036,FALSE,1,
high_confidence,10000565959,948,MIDDLJCT 115 KV MIDDLJCT-YORKHAVE 978-1,pano,2526,2525,MIDDLJCT 115KV - YORKHAVE 115KV (MIDDLJCT 115 KV MID-YOR8),0.8,1,1,1,0.888889,0.727273,0,,0.890808,0.872727,0.890808,0.890808,0.795253,0.095555,FALSE,1,
high_confidence,10016662044,226,ESIDELIM138 KV  ESI-NDE1,pano,4349,4348,ESIDELIM138 KV  ESI-NDE1,1,1,1,1,1,0.571429,0,,0.978571,0.957143,0.978571,0.978571,0.653571,0.325,FALSE,1,
high_confidence,10017896048,1768,BAIR    115 KV  BAI-HIL,pano,2502,2501,BAIR 115KV - HILL 115KV (BAIR 115 KV BAI-HIL),0.75,1,1,1,0.875,0.615385,0,,0.862019,0.836538,0.862019,0.862019,0.706723,0.155296,FALSE,1,
high_confidence,10000566809,4257,CANAANVA 138 KV CANAANVA-SENECACA 160,pano,1666,1665,CANAANVA 138KV - SENECACA 138KV (CANAANVA 138 KV CAN-SEN),0.8,1,1,1,0.875,0.769231,0,,0.892212,0.876923,0.892212,0.892212,0.785962,0.10625,FALSE,1,
high_confidence,10004238024,978,DUPSEAFD-LAURELDP 6736 B 69 KV,pano,2377,2376,DUPSEAFD 69KV - LAURELDP 69KV (DUPSEAFD 69 KV DUP-LAU),0.8,1,1,1,0.875,0.769231,0,,0.892212,0.876923,0.892212,0.892212,0.684327,0.207885,FALSE,1,
high_confidence,10002236350,2624,BETHEL-RIVERTON RLU B 138 KV,pano,4564,4563,RIVERTON 138KV - BETHEL 138KV (BETHEL 138 KV BET-RIVU),0.8,1,1,1,0.875,0.714286,0,,0.889464,0.871429,0.889464,0.889464,0.723031,0.166433,FALSE,1,
high_confidence,10016923621,5025,BIRCHWD 230 KV  BIR-COMO,pano,4678,4677,BIRCHWD 230KV - COMORNDP 230KV (BIRCHWD 230 KV BIR-COMO),0.75,1,1,1,0.857143,0.666667,0,,0.86369,0.841667,0.86369,0.86369,0.702083,0.161607,FALSE,1,
high_confidence,10002864514,3213,CARL PN-GARDNERS 1049 B 115 KV,pano,2794,2793,GARDNERS 115KV - CARL PN 115KV (CARL PN 115 KV CAR-GAR),0.909091,1,1,1,0.941176,0.8,0,,0.94615,0.934545,0.94615,0.94615,0.734385,0.211765,FALSE,1,
high_confidence,10002900125,5057,SAXTON-THREESPR 2K 1062 A 115 KV,pano,5720,5719,SAXTON 115KV - THREESPR 115KV (SAXTON 115 KV SAX-THR),0.8,1,1,1,0.875,0.769231,0,,0.892212,0.876923,0.892212,0.892212,0.785962,0.10625,FALSE,1,
high_confidence,10004236903,2797,EELKHART138 KV  EEL-MOT1,pano,5548,5547,EELKHART138 KV  EEL-MOT1,1,1,1,1,1,0.571429,0,,0.978571,0.957143,0.978571,0.978571,0.761905,0.216666,FALSE,1,
high_confidence,10004293419,1274,BEAVER  138 KV  BEA-NAS1,pano,3280,3279,NASA 138KV - BEAVER 138KV (BEAVER 138 KV BEA-NAS1),0.75,1,1,1,0.833333,0.666667,0,,0.8625,0.841667,0.8625,0.8625,0.754167,0.108333,FALSE,1,
high_confidence,10000566170,442,ROCKTONM 115 KV ROCKTONM-SHAWVILL SD 1076,pano,1402,1401,SHAWVILL 115KV - ROCKTONM 115KV (ROCKTONM 115 KV ROC-SHA),0.727273,1,1,1,0.823529,0.714286,0,,0.854163,0.835065,0.854163,0.854163,0.772448,0.081715,FALSE,1,
high_confidence,10016006396,4555,DOEX530 345 KV  DOE-PIE1,pano,3058,3057,DOEX530 345KV - PIERCE 345KV (DOEX530 345 KV DOE-PIE1),0.75,1,1,1,0.857143,0.5,0,,0.855357,0.825,0.855357,0.855357,0.735714,0.119643,FALSE,1,
high_confidence,10016017619,1545,ELIMA   138 KV  ELI-NWL1,pano,363,362,ELIMA 138KV - NWLIMA 138KV (ELIMA 138 KV ELI-NWL1),0.75,1,1,1,0.857143,0.6,0,,0.860357,0.835,0.860357,0.860357,0.740714,0.119643,FALSE,1,
high_confidence,10002885534,900,PRESTON-TANYARD 6716-5 B 69 KV,pano,2057,2056,TANYARD 69KV - PRESTON 69KV (PRESTON 69 KV PRE-TAN),0.888889,1,1,1,0.933333,0.769231,0,,0.935128,0.921368,0.935128,0.935128,0.828462,0.106666,FALSE,1,
high_confidence,10000566056,843,EDGEWOOD 115 KV EDGEWOOD-SHELOCTA LSH 1036,pano,5408,5407,SHELOCTA 115KV - EDGEWOOD 115KV (EDGEWOOD 115 KV EDG-SHE),0.727273,1,1,1,0.823529,0.714286,0,,0.854163,0.835065,0.854163,0.854163,0.748281,0.105882,FALSE,1,
high_confidence,10000566961,3482,GORE APS 138 KV GORE APS-STONEWAL JST4,pano,3155,3154,GORE APS 138KV - STONEWAL 138KV (GORE APS 138 KV GOR-STO),0.769231,1,1,1,0.842105,0.857143,0,,0.881116,0.87033,0.881116,0.881116,0.775853,0.105263,FALSE,1,
high_confidence,10000565958,3028,MIDDLJCT 115 KV MIDDLJCT-YORKHAVE 977-1,pano,3573,3572,MIDDLJCT 115KV - YORKHAVE 115KV (MIDDLJCT 115 KV MID-YOR7),0.8,1,1,1,0.9,0.615385,0,,0.885769,0.861538,0.885769,0.885769,0.790769,0.095,FALSE,1,
high_confidence,10006016521,3984,FARMERSV-RIDG PN RV 1048 A 115 KV,pano,4068,4067,FARMERSV 115KV - RIDG PN 115KV (FARMERSV 115 KV FAR-RID),0.769231,1,1,1,0.842105,0.75,0,,0.875759,0.859615,0.875759,0.875759,0.770496,0.105263,FALSE,1,
high_confidence,10016240939,5195,ALLENIM 138 KV  ALL-LOG,pano,5732,5731,ALLENIM 138KV - LOGTOWN 138KV (ALLENIM 138 KV ALL-LOG),0.75,1,1,1,0.875,0.714286,0,,0.866964,0.846429,0.866964,0.866964,0.608465,0.258499,FALSE,1,
high_confidence,10015852870,271,ESSEX   230 KV  ESS-MCC,pano,5282,5281,MCCARTER 230KV - ESSEX 230KV (ESSEX 230 KV ESS-MCC),0.75,1,1,1,0.888889,0.615385,0,,0.862714,0.836538,0.862714,0.862714,0.731603,0.131111,FALSE,1,
high_confidence,10004236903,3425,EELKHART138 KV  EEL-MOT1,pano,5699,5698,EELKHART138 KV  EEL-MOT1,1,1,1,1,1,0.666667,0,,0.983333,0.966667,0.983333,0.983333,0.823333,0.16,FALSE,1,
high_confidence,10000575840,1168,3ROCKY 115 KV 3ROCKY -BATTLEBO 123A,pano,3291,3290,3ROCKY 115KV - BATTLEBO 115KV (3ROCKY 115 KV 123A),0.857143,1,1,1,0.923077,0.571429,0,,0.91044,0.885714,0.91044,0.91044,0.767857,0.142583,FALSE,1,
high_confidence,10016469371,4179,HARMONY 138 KV  HAR-KIA,pano,5492,5491,HARMONY 138KV - KIAMENSI 138KV (HARMONY 138 KV HAR-KIA),0.75,1,1,1,0.833333,0.727273,0,,0.86553,0.847727,0.86553,0.86553,0.677197,0.188333,FALSE,1,
high_confidence,10004238024,1493,DUPSEAFD-LAURELDP 6736 B 69 KV,pano,2346,2345,DUPSEAFD 69KV - LAURELDP 69KV (DUPSEAFD 69 KV DUP-LAU),0.8,1,1,1,0.857143,0.833333,0,,0.894524,0.883333,0.894524,0.894524,0.758389,0.136135,FALSE,1,
high_confidence,10002867581,194,NEWBERRY-ROUNDTOP 975-1 A 115 KV,pano,3315,3314,NEWBERRY 115KV - ROUNDTOP 115KV (NEWBERRY 115 KV NEW-ROU),0.8,1,1,1,0.888889,0.666667,0,,0.887778,0.866667,0.887778,0.887778,0.807222,0.080556,FALSE,1,
high_confidence,10016239903,4251,CHARGER 138 KV  CHA-COU,pano,4271,4270,COUNTRYS 138KV - CHARGER 138KV (CHARGER 138 KV CHA-COU),0.75,1,1,1,0.857143,0.666667,0,,0.86369,0.841667,0.86369,0.86369,0.649405,0.214285,FALSE,1,
high_confidence,10000570108,5016,OTTERRIV 115 KV OTTERRIV-ALTAVSTA 31A,pano,1348,1347,OTTERRIV 115KV - ALTAVSTA 115KV (OTTERRIV 115 KV 31A),0.75,1,1,1,0.857143,0.666667,0,,0.86369,0.841667,0.86369,0.86369,0.697619,0.166071,FALSE,1,
high_confidence,10017055336,4532,AQUAHAR 230 KV  2119,pano,1793,1792,AQUAHAR 230 KV  2119,1,1,1,1,1,0.571429,0,,0.978571,0.957143,0.978571,0.978571,0.753571,0.225,FALSE,1,
high_confidence,10000565393,981,PLYMOUTH 230 KV PLYMOUTH-WHITPAIN 220-13,pano,212,211,WHITPAIN 230KV - PLYMOUTH 230KV (PLYMOUTH 230 KV PLY-WHI3),0.8,1,1,1,0.857143,0.8,0,,0.892857,0.88,0.892857,0.892857,0.795714,0.097143,FALSE,1,
high_confidence,10004066340,3839,KEEMIN  138 KV  KEE-KEWA,pano,5678,5677,KEEMIN 138KV - 74 KEWAN 138KV (KEEMIN 138 KV KEE-KEWA),0.75,1,1,1,0.857143,0.666667,0,,0.86369,0.841667,0.86369,0.86369,0.686364,0.177326,FALSE,1,
high_confidence,10004187721,1762,DOUBS   500 KV  DOU-GOO,pano,1765,1764,DOUBS 500KV - GOOSECRE 500KV (DOUBS 500 KV DOU-GOO),0.75,1,1,1,0.857143,0.666667,0,,0.86369,0.841667,0.86369,0.86369,0.770604,0.093086,FALSE,1,
high_confidence,10004187721,1729,DOUBS   500 KV  DOU-GOO,pano,2731,2730,DOUBS 500KV - GOOSECRE 500KV (DOUBS 500 KV DOU-GOO),0.75,1,1,1,0.857143,0.666667,0,,0.86369,0.841667,0.86369,0.86369,0.649405,0.214285,FALSE,1,
high_confidence,10000566128,2343,HOOVERSV 115 KV HOOVERSV-TOWER51 H1H2 1071,pano,4173,4172,TOWER51 115KV - HOOVERSV 115KV (HOOVERSV 115 KV HOO-TOW),0.727273,1,1,1,0.823529,0.727273,0,,0.854813,0.836364,0.854813,0.854813,0.74893,0.105883,FALSE,1,
high_confidence,10000566608,4310,LAURELDP 69 KV LAURELDP-SHARP 6705-1,pano,498,497,LAURELDP 69KV - SHARP 69KV (LAURELDP 69 KV LAU-SHA),0.8,1,1,1,0.857143,0.833333,0,,0.894524,0.883333,0.894524,0.894524,0.737381,0.157143,FALSE,1,
high_confidence,10000566135,1479,KEYSTONE 230 KV KEYSTONE-SHELOCTA KHC 2014,pano,5416,5415,KEYSTONE 230KV - SHELOCTA 230KV (KEYSTONE 230 KV KEY-SHE),0.727273,1,1,1,0.823529,0.714286,0,,0.854163,0.835065,0.854163,0.854163,0.750487,0.103676,FALSE,1,
high_confidence,10002885534,5031,PRESTON-TANYARD 6716-5 B 69 KV,pano,2460,2459,TANYARD 69KV - PRESTON 69KV (PRESTON 69 KV PRE-TAN),0.888889,1,1,1,0.923077,0.833333,0,,0.937821,0.927778,0.937821,0.937821,0.780128,0.157693,FALSE,1,
high_confidence,10004218945,679,FREMNT-FREMONTC A 138 KV,pano,115,114,FREMNT 138KV - FREMONTC 138KV (FREMNT 138 KV FRE-FRE1),0.888889,1,1,1,0.933333,0.727273,0,,0.93303,0.917172,0.93303,0.93303,0.826364,0.106666,FALSE,1,
high_confidence,10002236350,985,BETHEL-RIVERTON RLU B 138 KV,pano,2821,2820,BETHEL 138KV - RIVERTON 138KV (BETHEL 138 KV BET-RIVU),0.8,1,1,1,0.875,0.714286,0,,0.889464,0.871429,0.889464,0.889464,0.783214,0.10625,FALSE,1,
high_confidence,10004194498,1875,BLMNTDOM230 KV  201,pano,4589,4588,BLMNTDOM230 KV  201,1,1,1,1,1,0.4,0,,0.97,0.94,0.97,0.97,0.745,0.225,FALSE,1,
high_confidence,10002892173,1035,BATTLEBO115 KV  1001A,pano,5993,5992,BATTLEBO115 KV  1001A,1,1,1,1,1,0.4,0,,0.97,0.94,0.97,0.97,0.75,0.22,FALSE,1,
high_confidence,10002555681,3516,HAYNIE 115 KV HAY-PIN,pano,6,5,PINEY 115KV - HAYNIE 115KV (HAYNIE 115 KV HAY-PIN),0.75,1,1,1,0.923077,0.833333,0,,0.875321,0.858333,0.875321,0.875321,0.735714,0.139607,FALSE,1,
high_confidence,10004194634,1634,FACEROCK69 KV   FAROZBR,pano,5146,5145,FACEROCK69 KV   FAROZBR,1,1,1,1,1,0.666667,0,,0.983333,0.966667,0.983333,0.983333,0.873333,0.11,FALSE,1,
high_confidence,10004178341,1722,MTVERNON TR 345/138 KV L/O MTVERNON-EWFKF 345 KV,pano,4565,4564,MtVernon TR 345/138 kV l/o MtVernon-EWFKF 345 kV,1,1,1,1,1,0.5,0,,0.975,0.95,0.975,0.975,0.740247,0.234753,FALSE,1,
high_confidence,10000572383,4821,SALTSPRG 138 KV SALTSPRG-MASURY,pano,1002,1001,SALTSPRG 138KV - MASURY 138KV (SALTSPRG 138 KV SAL-MAS1),0.8,1,1,1,0.875,0.727273,0,,0.890114,0.872727,0.890114,0.890114,0.783864,0.10625,FALSE,1,
high_confidence,10004211978,5183,SWLIMA  138 KV  SWL-WMO1,pano,5091,5090,SWLIMA 138KV - WMOULTON 138KV (SWLIMA 138 KV SWL-WMO1),0.75,1,1,1,0.857143,0.6,0,,0.860357,0.835,0.860357,0.860357,0.722262,0.138095,FALSE,1,
high_confidence,10000570434,2443,IDYLWOO4 230 KV IDYLWOO4-CLARK4 202A,pano,4894,4893,IDYLWOO4 230KV - CLARK4 230KV (IDYLWOO4 230 KV 202A),0.75,1,1,1,0.857143,0.4,0,,0.850357,0.815,0.850357,0.850357,0.743214,0.107143,FALSE,1,
high_confidence,10000570434,4701,IDYLWOO4 230 KV IDYLWOO4-CLARK4 202A,pano,4596,4595,IDYLWOO4 230KV - CLARK4 230KV (IDYLWOO4 230 KV 202A),0.75,1,1,1,0.857143,0.4,0,,0.850357,0.815,0.850357,0.850357,0.743214,0.107143,FALSE,1,
high_confidence,10004187721,2935,DOUBS   500 KV  DOU-GOO,pano,2796,2795,DOUBS 500KV - GOOSECRE 500KV (DOUBS 500 KV DOU-GOO),0.75,1,1,1,0.857143,0.666667,0,,0.86369,0.841667,0.86369,0.86369,0.756548,0.107142,FALSE,1,
high_confidence,10000566608,4341,LAURELDP 69 KV LAURELDP-SHARP 6705-1,pano,2347,2346,SHARP 69KV - LAURELDP 69KV (LAURELDP 69 KV LAU-SHA),0.8,1,1,1,0.857143,0.833333,0,,0.894524,0.883333,0.894524,0.894524,0.737381,0.157143,FALSE,1,
high_confidence,10000565918,3202,GARDNERS 115 KV GARDNERS-TEXSEAST GAR-TEX,pano,1968,1967,TEXSEAST 115KV - GARDNERS 115KV (GARDNERS 115 KV GAR-TEX),0.8,1,1,1,0.875,0.769231,0,,0.892212,0.876923,0.892212,0.892212,0.828462,0.06375,FALSE,1,
high_confidence,10004059506,1645,TANNERSC345 KV  TAN-MIA1,pano,7636,7635,TANNERSC345 KV  TAN-MIA1,1,0.666667,1,1,0.833333,0.571429,0,,0.870238,0.87381,0.870238,0.870238,0.732937,0.137301,FALSE,1,
high_confidence,10018733220,3577,BLANCO  69 KV   BLA-NEWM,pano,395,394,BLANCO 69KV - NEWMERED 69KV (BLANCO 69 KV BLA-NEWM),0.75,1,1,1,0.833333,0.727273,0,,0.86553,0.847727,0.86553,0.86553,0.735606,0.129924,FALSE,1,
high_confidence,10002484433,5134,HOWARD-PUMPHREY 2332-B A 230 KV,pano,5386,5385,HOWARD 230KV - PUMPHREY 230KV (HOWARD 230 KV HOW-PUM),0.888889,1,1,1,0.941176,0.714286,0,,0.932773,0.915873,0.932773,0.932773,0.771008,0.161765,FALSE,1,
high_confidence,10002555681,2112,HAYNIE 115 KV HAY-PIN,pano,1047,1046,PINEY 115KV - HAYNIE 115KV (HAYNIE 115 KV HAY-PIN),0.75,1,1,1,0.857143,0.666667,0,,0.86369,0.841667,0.86369,0.86369,0.756548,0.107142,FALSE,1,
medium_confidence,10001780777,732,THELMA 69 KV THE-THE1,dayzer,512490,2235,THELMA_69 KV_THE-THE1:ACTUAL,0.8,0,1,1,0.444444,0,0,,0.714444,0.55,0.714444,0.714444,0.575974,0.13847,TRUE,1,
medium_confidence,10016972757,4971,RICHLND 138 KV  TR-5,pano,4023,4022,RICHLND 13.8KV - RICHLND 138KV (RICHLND 138 KV TR-5),0.666667,1,1,1,0.833333,0.75,0,,0.829167,0.808333,0.829167,0.829167,0.505682,0.323485,FALSE,1,
medium_confidence,10016992364,4281,ASHTABUL138 KV  ASH-04S3,pano,4431,4430,ASHTABUL 138KV - SANBORN 138KV (ASHTABUL 138 KV ASH-04S3),0.5,1,1,1,0.714286,0.444444,0,,0.732937,0.694444,0.732937,0.732937,0.613294,0.119643,TRUE,1,
medium_confidence,10000566828,5109,CHARLERO 138 KV CHARLERO-UNIONJCT UNNJ-CH,pano,6010,6009,CHARLERO 138KV - UNIONJCT 138KV (CHARLERO 138 KV CHA-UNI),0.666667,1,1,1,0.777778,0.666667,0,,0.822222,0.8,0.822222,0.822222,0.647778,0.174444,FALSE,1,
medium_confidence,10004215213,5021,PLYWOOD 115 KV  151A,dayzer,520268,3622,PLYWOOD_115 KV_151A:ACTUAL,0.8,0,1,1,0.4,0,0,,0.71,0.55,0.71,0.71,0.554762,0.155238,TRUE,1,
medium_confidence,10002559045,759,MIAMIFOR-08WILEY1 9784 A 138 KV,pano,5228,5227,MIAMIFOR 138KV - WILLEY 138KV (MIAMIFOR 138 KV MIA-08W1),0.6,1,1,1,0.777778,0.545455,0,,0.786162,0.754545,0.786162,0.786162,0.769365,0.016797,TRUE,1,
medium_confidence,10017415640,4364,CONC BC 115 KV  CON-MON,dayzer,553431,11978,CONC BC_115 KV_CON-MON:L230.BrandonShores-Wagner.2346,0.727273,0,1,1,1,0.4,0,,0.722727,0.553636,0.722727,0.722727,0.722727,0,TRUE,1,
medium_confidence,10018421048,4477,HAVILAND69 KV   HAV-NVA,pano,1836,1835,HAVILAND 69KV - NVANWERT 69KV (HAVILAND 69 KV HAV-NVA),0.5,1,1,1,0.666667,0.6,0,,0.738333,0.71,0.738333,0.738333,0.6075,0.130833,TRUE,1,
medium_confidence,10002905472,142,DEQUINE 345 KV  DEQ-FOWJ,dayzer,519893,3309,DEQUINE_345 KV_DEQ-FOWJ:ACTUAL,0.857143,0,1,1,1,0.5,0,,0.807143,0.628571,0.807143,0.807143,0.596429,0.210714,FALSE,1,
medium_confidence,10002864514,741,CARL PN-GARDNERS 1049 B 115 KV,dayzer,101217,270,CARL PN_115 KV_CAR-GAR:ACTUAL,0.8,0,1,1,0.615385,0.333333,0,,0.731538,0.583333,0.731538,0.731538,0.725,0.006538,TRUE,1,
medium_confidence,10000827443,4303,CPP_RIDG 138 KV CPP_RIDG-02CLINTN RID-02C1,dayzer,519191,2850,CPP_RIDG_138 KV_RID-02C1:ACTUAL,0.727273,0,1,1,0.833333,0.4,0,,0.706061,0.553636,0.706061,0.706061,0.689394,0.016667,TRUE,1,
medium_confidence,10000466571,4831,REDLION 500 KV REDLION AT51 XFORMER,pano,14285,14284,KEENEY   AT51     XFORMER   H  500 KV,0.571429,1,1,1,0.909091,0.857143,0,,0.795455,0.771429,0.795455,0.795455,0.707778,0.087677,FALSE,0,
medium_confidence,10017166504,1308,EAKRON  138 KV  EAK-HAY,dayzer,520874,4146,EAKRON_138 KV_EAK-HAY:ACTUAL,0.857143,0,1,1,1,0.5,0,,0.807143,0.628571,0.807143,0.807143,0.643333,0.16381,FALSE,1,
medium_confidence,10003951044,1641,CLOVERD2345 KV  3,pano,8088,8087,CLOVERD2345 KV  11A,0.666667,1,1,1,0.888889,0.5,0,,0.819444,0.783333,0.819444,0.819444,0.819444,0,TRUE,1,
medium_confidence,10016240939,2882,ALLENIM 138 KV  ALL-LOG,dayzer,520666,3958,ALLENIM_138 KV_ALL-LOG:ACTUAL,0.857143,0,1,1,0.5,0.181818,0,,0.757143,0.596753,0.757143,0.757143,0.683654,0.073489,FALSE,1,
medium_confidence,10004181793,1179,BAGLEY  230 KV  BAG-GRAC,dayzer,550957,10385,BAGLEY_230 KV_BAG-GRAC:500/230.WaughChapel.500-1,0.857143,0,1,1,1,0.285714,0,,0.807143,0.607143,0.807143,0.807143,0.782143,0.025,TRUE,1,
medium_confidence,10016659330,3305,OLIVE   345 KV  OLI-OLIV,dayzer,520793,4067,OLIVE_345 KV_OLI-OLIV:ACTUAL,0.857143,0,1,1,0.6,0.222222,0,,0.767143,0.600794,0.767143,0.767143,0.633333,0.13381,FALSE,1,
medium_confidence,10002559045,5070,MIAMIFOR-08WILEY1 9784 A 138 KV,pano,3821,3820,MIAMIFOR 138KV - WILLEY 138KV (MIAMIFOR 138 KV MIA-08W1),0.6,1,1,1,0.75,0.6,0,,0.7875,0.76,0.7875,0.7875,0.68125,0.10625,FALSE,-1,
medium_confidence,10003795283,505,MITCHELL138 KV  MIT-WIL,pano,1505,1504,MITCHELL 138KV - WILSON 138KV (MITCHELL 138 KV MIT-WIL),0.5,1,1,1,0.714286,0.545455,0,,0.737987,0.704545,0.737987,0.737987,0.630844,0.107143,TRUE,1,
medium_confidence,10016894148,246,BRUNSWIC230 KV  BRU-MEA,pano,5140,5139,BRUNSWIC230 KV  BUR-MEA,0.666667,1,1,1,0.833333,0.444444,0,,0.813889,0.777778,0.813889,0.813889,0.737987,0.075902,FALSE,1,
medium_confidence,10018475727,3300,WEST CONTINGENCY 60,pano,2120,2119,WEST contingency 60,1,1,0,0,1,0.333333,0,,0.816667,0.783333,0.816667,0.816667,0.706667,0.11,FALSE,1,
medium_confidence,10016474716,1705,AUGTINE 138 KV  08A-WEN1,dayzer,520842,4114,AUGTINE_138 KV_08A-WEN1:ACTUAL,0.857143,0,1,1,1,0.4,0,,0.807143,0.618571,0.807143,0.807143,0.643333,0.16381,FALSE,1,
medium_confidence,10002164973,760,EVERETTS 230 KV EVERETTS-GREENVIL 218,pano,1222,1221,GREENVIL 230KV - EVERETTS 230KV (EVERETTS 230 KV 218),0.666667,1,1,1,0.833333,0.6,0,,0.821667,0.793333,0.821667,0.821667,0.821667,0,TRUE,1,
medium_confidence,10015854664,4334,HAYES_FE138 KV  AVE-HAYE,pano,2416,2415,HAYES_FE 138KV - AVERY 138KV (HAYES_FE 138 KV AVE-HAYE),0.6,1,1,1,0.8,0.6,0,,0.79,0.76,0.79,0.79,0.629412,0.160588,FALSE,1,
medium_confidence,10002852243,3231,ALDENE 230 KV ALD-SPRG,dayzer,519836,3272,ALDENE_230 KV_ALD-SPRG:ACTUAL,0.857143,0,1,1,1,0.5,0,,0.807143,0.628571,0.807143,0.807143,0.643333,0.16381,FALSE,1,
medium_confidence,10000567141,885,SMITHTON 138 KV SMITHTON-YUKON SLJ-YU,pano,4527,4526,YUKON 138KV - SMITHTON 138KV (SMITHTON 138 KV SMI-YUK2),0.666667,1,1,1,0.777778,0.615385,0,,0.819658,0.794872,0.819658,0.819658,0.714103,0.105555,FALSE,1,
medium_confidence,10017424481,4895,CARSON4 230 KV  238A,dayzer,520936,4195,CARSON4_230 KV_238A:ACTUAL,0.8,0,1,1,1,0.5,0,,0.77,0.6,0.77,0.77,0.446364,0.323636,FALSE,1,
medium_confidence,10018467334,3178,LONGCREE138 KV  LON-MEAD,pano,2150,2149,MEADOWBR 138KV - LONGCREE 138KV (LONGCREE 138 KV LON-MEAD),0.5,1,1,1,0.714286,0.545455,0,,0.737987,0.704545,0.737987,0.737987,0.491259,0.246728,TRUE,1,
medium_confidence,10015851704,249,CONCORD 138 KV  CON-COU,dayzer,520379,3710,CONCORD_138 KV_CON-COU:ACTUAL,0.857143,0,1,1,0.6,0.222222,0,,0.767143,0.600794,0.767143,0.767143,0.692045,0.075098,FALSE,1,
medium_confidence,10000566649,4539,PERDUE 69 KV PERDUE-TASLEY 69 KV 6778-2,dayzer,28000164,13289,PERDUE_69 KV_PER-TAS:ACTUAL,0.75,0,1,1,0.888889,0.444444,0,,0.726389,0.569444,0.726389,0.726389,0.554545,0.171844,TRUE,1,
medium_confidence,10002678538,1938,116 GOOD345 KV 11620,pano,13632,13631,116 GOOD345 KV  11620,1,0.25,1,1,0.4,0.5,0,,0.72,0.7625,0.72,0.72,0.496667,0.223333,TRUE,1,
medium_confidence,10018275729,5028,LINCOLN 115 KV  LIN-RILE,dayzer,520984,4242,LINCOLN_115 KV_LIN-RILE:ACTUAL,0.857143,0,1,1,1,0.5,0,,0.807143,0.628571,0.807143,0.807143,0.596429,0.210714,FALSE,1,
medium_confidence,10002233505,3075,AEP-DOM,pano,9893,9892,AEP-DOM contingency 3,1,0.75,0,0,0.857143,0.5,0,,0.742857,0.7375,0.742857,0.742857,0.617827,0.12503,TRUE,1,
medium_confidence,10000466270,2429,SHELOCTA 230 KV SHELOCTA NO2 XFORMER,pano,398,397,SHELOCTA 230KV - SHELOCTA 115KV (SHELOCTA 230 KV NO2),0.5,1,1,1,0.666667,0.666667,0,,0.741667,0.716667,0.741667,0.741667,0.706364,0.035303,TRUE,1,
medium_confidence,10002891957,2521,BERYL   138 KV  BER-CRS,dayzer,519856,3285,BERYL_138 KV_BER-CRS:ACTUAL,0.857143,0,1,1,0.6,0.222222,0,,0.767143,0.600794,0.767143,0.767143,0.683333,0.08381,FALSE,1,
medium_confidence,10016433477,1505,OTTCRKPL230 KV  OTT-YOR,pano,1167,1166,YORKANA 230KV - OTTCRKPL 230KV (OTTCRKPL 230 KV OTT-YOR),0.5,1,1,1,0.714286,0.545455,0,,0.737987,0.704545,0.737987,0.737987,0.705556,0.032431,TRUE,1,
medium_confidence,10003947982,4716,DUBOIS  115 KV  DUB-ROC,dayzer,520864,4136,DUBOIS_115 KV_DUB-ROC:ACTUAL,0.857143,0,1,1,1,0.5,0,,0.807143,0.628571,0.807143,0.807143,0.643333,0.16381,FALSE,1,
medium_confidence,10018408712,2107,ASPENSLR115 KV  ASP-SHAD,pano,240,239,SHADEGAP 115KV - ASPENSLR 115KV (ASPENSLR 115 KV ASP-SHAD),0.5,1,1,1,0.714286,0.545455,0,,0.737987,0.704545,0.737987,0.737987,0.630844,0.107143,TRUE,1,
medium_confidence,10002875988,782,MEADOWBR-STRASBUR MST A 138 KV,pano,5463,5462,MEADOWBR-STRASBUR MST       A  138 KV,0.666667,1,1,1,0.8,0.615385,0,,0.820769,0.794872,0.820769,0.820769,0.815,0.005769,TRUE,1,
medium_confidence,10004069705,952,4 QUAD C345 KV  0405,pano,12650,12649,4 QUAD C345 KV  0404,1,0.25,1,1,0.5,0.571429,0,,0.728571,0.769643,0.728571,0.728571,0.658333,0.070238,TRUE,1,
medium_confidence,10000466579,1129,VIENNA 230 KV VIENNA AT20 TRANSFORMER,pano,4086,4085,VIENNA 230KV - VIENNA 138KV (VIENNA 230 KV AT20),0.571429,1,1,1,0.666667,0.666667,0,,0.77381,0.752381,0.77381,0.77381,0.744762,0.029048,TRUE,1,
medium_confidence,10003951045,821,BIGPINET138 KV  BIG-KIS,pano,267,266,KISKIVAL 138KV - BIGPINET 138KV (BIGPINET 138 KV BIG-KIS),0.5,1,1,1,0.714286,0.545455,0,,0.737987,0.704545,0.737987,0.737987,0.655556,0.082431,TRUE,1,
medium_confidence,10017072884,4020,YORKANA 230 KV  BANK 1,dayzer,101059,159,YORKANA_230 KV_3 BANK:ACTUAL,0.8,0,1,1,0.5,0.285714,0,,0.72,0.578571,0.72,0.72,0.72,0,TRUE,1,
medium_confidence,10000468793,1507,LEXINGTN 500 KV LEXINGTN TX3 XFORMER,pano,3701,3700,LEXINGTN 500KV - LEXINGTN 230KV (LEXINGTN 500 KV TX3),0.5,1,1,1,0.714286,0.571429,0,,0.739286,0.707143,0.739286,0.739286,0.729762,0.009524,TRUE,1,
medium_confidence,10004177767,4444,SHAWVILL115 KV  BNK 1A-S,pano,2947,2946,SHAWVILL 1KV - SHAWVILL 115KV (SHAWVILL 115 KV BNK 1A-S),0.6,1,1,1,0.75,0.571429,0,,0.786071,0.757143,0.786071,0.786071,0.679821,0.10625,FALSE,1,
medium_confidence,10016006397,4500,DOEX530 345 KV  DOE-PIE2,dayzer,520648,3946,DOEX530_345 KV_DOE-PIE2:ACTUAL,0.857143,0,1,1,0.6,0,0,,0.767143,0.578571,0.767143,0.767143,0.683333,0.08381,FALSE,1,
medium_confidence,10003951043,1206,BIGPINET138 KV  BIG-GAR,pano,2790,2789,BIGPINET 138KV - GARRNJCT 138KV (BIGPINET 138 KV BIG-GAR),0.5,1,1,1,0.714286,0.545455,0,,0.737987,0.704545,0.737987,0.737987,0.655556,0.082431,TRUE,1,
medium_confidence,10000466914,1219,155 NELS 345 KV 155 NELS TR81CT-P XFORMER,pano,2927,2926,155 NELS 345KV - 155 NELS 1KV (155 NELS 345 KV TR81CT-P),0.666667,1,1,1,0.769231,0.8,0,,0.828462,0.813333,0.828462,0.828462,0.720769,0.107693,FALSE,1,
medium_confidence,10016922433,3198,APSOUTH CONTINGENCY 72,pano,4719,4718,APSOUTH contingency 72,1,1,0,0,1,0.333333,0,,0.816667,0.783333,0.816667,0.816667,0.706667,0.11,FALSE,1,
medium_confidence,10019195639,3468,WEST CONTINGENCY 42,pano,684,683,WEST contingency 42,1,1,0,0,1,0.4,0,,0.82,0.79,0.82,0.82,0.71,0.11,FALSE,1,
medium_confidence,10018818592,2952,GLENBROO69 KV   GLE-SAL1,pano,707,706,GLENBROO 69KV - SALEMPL 69KV (GLENBROO 69 KV GLE-SAL1),0.5,1,1,1,0.75,0.444444,0,,0.734722,0.694444,0.734722,0.734722,0.4875,0.247222,TRUE,1,
medium_confidence,10004192984,2339,CHALKPT 230 KV  T3,dayzer,520181,3552,CHALKPT_230 KV_T3:ACTUAL,0.8,0,1,1,1,0.5,0,,0.77,0.6,0.77,0.77,0.571429,0.198571,FALSE,1,
medium_confidence,10000466188,2139,ETOWANDA 230 KV ETOWANDA 3 TX XFORMER,pano,5737,5736,ETOWANDA 230KV - ETOWANDA 115KV (ETOWANDA 230 KV 3 TX),0.5,1,1,1,0.75,0.6,0,,0.7425,0.71,0.7425,0.7425,0.596078,0.146422,TRUE,1,
medium_confidence,10004074928,784,BERGEN  230 KV  BER-SADC,dayzer,520056,3451,BERGEN_230 KV_BER-SADC:ACTUAL,0.857143,0,1,1,1,0.5,0,,0.807143,0.628571,0.807143,0.807143,0.596429,0.210714,FALSE,1,
medium_confidence,10016047318,1100,LENOX   115 KV  LEN-MAC,pano,408,407,LENOX 115KV - MACNEW_T 115KV (LENOX 115 KV LEN-MAC),0.666667,1,1,1,0.823529,0.769231,0,,0.829638,0.810256,0.829638,0.829638,0.823626,0.006012,TRUE,1,
medium_confidence,10017423909,4998,PANTEGO 115 KV  PAN-TERR,dayzer,520937,4196,PANTEGO_115 KV_PAN-TERR:ACTUAL,0.857143,0,1,1,0.545455,0.2,0,,0.761688,0.598571,0.761688,0.761688,0.64,0.121688,FALSE,1,
medium_confidence,10004183718,1417,MEHOOPAN115 KV  MEH-NME1,pano,2274,2273,MEHOOPAN 115KV - NMESHOPP 115KV (MEHOOPAN 115 KV MEH-NME1),0.5,1,1,1,0.666667,0.5,0,,0.733333,0.7,0.733333,0.733333,0.6125,0.120833,TRUE,1,
medium_confidence,10004215437,1541,HOWARD2-MELMORE B 138 KV,pano,3972,3971,MELMORE 138KV - HOWARD2 138KV (HOWARD2 138 KV HOW-MEL1),0.571429,1,1,1,0.769231,0.5,0,,0.770604,0.735714,0.770604,0.770604,0.680649,0.089955,FALSE,1,
medium_confidence,10015995460,2174,COLLEGEC138 KV  COL-RIC1,pano,3639,3638,RICHMOND 138KV - COLLEGEC 138KV (COLLEGEC 138 KV COL-RIC1),0.5,1,1,1,0.714286,0.444444,0,,0.732937,0.694444,0.732937,0.732937,0.613294,0.119643,TRUE,1,
medium_confidence,10016691564,3558,LADYSMCT230 KV  LAD-SUMM,pano,5124,5123,LADYSMCT 230KV - SUMMITDP 230KV (LADYSMCT 230 KV LAD-SUMM),0.5,1,1,1,0.75,0.5,0,,0.7375,0.7,0.7375,0.7375,0.488571,0.248929,TRUE,1,
medium_confidence,10018747682,322,02LYONS 138 KV  02L-02F1,dayzer,514110,2664,02LYONS_138 KV_02L-02F1:ACTUAL,0.857143,0,1,1,1,0.5,0,,0.807143,0.628571,0.807143,0.807143,0.643333,0.16381,FALSE,1,
medium_confidence,10002494913,2504,MARDELA-VIENNA 6708-1 A 69 KV,dayzer,201269,550,MARDELA_69 KV_MAR-VIE:L138.Loretto-Vienna.13780,0.8,0,1,1,0.615385,0.222222,0,,0.731538,0.572222,0.731538,0.731538,0.692045,0.039493,TRUE,1,
medium_confidence,10000466871,3409,138 SILV 345 KV 138 SILVER 45TR82 CT,pano,6063,6062,138 SILV 345KV - 138 SILV 1KV (138 SILV 345 KV TR82CT-P),0.5,1,1,1,0.736842,0.444444,0,,0.734064,0.694444,0.734064,0.734064,0.677794,0.05627,TRUE,1,
medium_confidence,10016459539,1118,LAUSCHTO230 KV  LAU-SAK4,pano,3966,3965,LAUSCHTO 230KV - SAKRON 230KV (LAUSCHTO 230 KV LAU-SAK4),0.5,1,1,1,0.714286,0.444444,0,,0.732937,0.694444,0.732937,0.732937,0.613294,0.119643,TRUE,1,
medium_confidence,10016006397,2796,DOEX530 345 KV  DOE-PIE2,dayzer,520648,3946,DOEX530_345 KV_DOE-PIE2:ACTUAL,0.857143,0,1,1,0.6,0,0,,0.767143,0.578571,0.767143,0.767143,0.683333,0.08381,FALSE,1,
medium_confidence,10018408712,3874,ASPENSLR115 KV  ASP-SHAD,pano,1327,1326,SHADEGAP 115KV - ASPENSLR 115KV (ASPENSLR 115 KV ASP-SHAD),0.5,1,1,1,0.714286,0.545455,0,,0.737987,0.704545,0.737987,0.737987,0.630844,0.107143,TRUE,1,
medium_confidence,10018255257,296,SHEFFIELD - AMOCCO 138KV L/O SHEFFIELD - MARKTOWN 138KV,pano,12032,12031,Sheffield-Calumet 138 kV l/o Sheffield-Marktown 138 kV,0.666667,0.8,1,1,0.666667,0,0,,0.723333,0.683333,0.723333,0.723333,0.603333,0.12,TRUE,1,
medium_confidence,10004181793,137,BAGLEY  230 KV  BAG-GRAC,dayzer,550957,10385,BAGLEY_230 KV_BAG-GRAC:500/230.WaughChapel.500-1,0.857143,0,1,1,0.6,0.25,0,,0.767143,0.603571,0.767143,0.767143,0.767143,0,TRUE,1,
medium_confidence,10004177767,1584,SHAWVILL115 KV  BNK 1A-S,pano,3689,3688,SHAWVILL 1KV - SHAWVILL 115KV (SHAWVILL 115 KV BNK 1A-S),0.6,1,1,1,0.777778,0.5,0,,0.783889,0.75,0.783889,0.783889,0.655238,0.128651,FALSE,1,
medium_confidence,10016737824,463,3 POWERT-TWRL POW-TWRL      A  138 KV,dayzer,520704,3988,3 POWERT_138 KV_POW-TWRL:ACTUAL,0.857143,0,1,1,0.5,0.166667,0,,0.757143,0.595238,0.757143,0.757143,0.654762,0.102381,FALSE,1,
medium_confidence,10017107297,4623,BULLRUN 230 KV  TX3,dayzer,520832,4105,BULLRUN_230 KV_TX3:ACTUAL,0.8,0,1,1,1,0.5,0,,0.77,0.6,0.77,0.77,0.476667,0.293333,FALSE,1,
medium_confidence,10016736784,2727,NW_TAP_PURDUE13820_FLO_WESTWOOD_TIPPLABS13808,pano,5288,5287,NW_Tap_Purdue13820_flo_Westwood_TippLabs13808,1,1,0,0,1,0,0,,0.8,0.75,0.8,0.8,0.461991,0.338009,FALSE,1,
medium_confidence,10015858897,3210,NEWCARLI138 KV  NEW-PLE,pano,5626,5625,NEWCARLI 138KV - PLETCHER 138KV (NEWCARLI 138 KV NEW-PLE),0.5,1,1,1,0.714286,0.545455,0,,0.737987,0.704545,0.737987,0.737987,0.611071,0.126916,TRUE,1,
medium_confidence,10002891576,56,JUNIATA 2 XFORMER H 500 KV,pano,12495,12494,JUNIATA  1        XFORMER   H  500 KV,1,0.4,1,1,0.666667,0.857143,0,,0.79619,0.835714,0.79619,0.79619,0.680357,0.115833,FALSE,0,
medium_confidence,10017104495,4026,SNOWYCRE138 KV  SNO-SNOW,pano,3825,3824,SNOWYTAP 138KV - SNOWYCRE 138KV (SNOWYCRE 138 KV SNO-SNOW),0.5,1,1,1,0.714286,0.545455,0,,0.737987,0.704545,0.737987,0.737987,0.598095,0.139892,TRUE,1,
medium_confidence,10016033051,1104,CHAUNCYT138 KV  CHA-LOG1,pano,1757,1756,LOGAN 138KV - CHAUNCYT 138KV (CHAUNCYT 138 KV CHA-LOG1),0.5,1,1,1,0.714286,0.444444,0,,0.732937,0.694444,0.732937,0.732937,0.495299,0.237638,TRUE,1,
medium_confidence,10016479158,668,HOPECREE230 KV  HOP-SIL,pano,4805,4804,HOPECREE 230KV - SILVERUN 230KV (HOPECREE 230 KV HOP-SIL),0.5,1,1,1,0.666667,0.666667,0,,0.741667,0.716667,0.741667,0.741667,0.418939,0.322728,TRUE,1,
medium_confidence,10000566478,5148,CECIL 138 KV CECIL-GLASGOW 13810,dayzer,553000,11635,CECIL_138 KV_CEC-GLA:500/230.Conastone.500-4,0.75,0,1,1,0.888889,0.25,0,,0.726389,0.55,0.726389,0.726389,0.704167,0.022222,TRUE,1,
medium_confidence,10016240939,2006,ALLENIM 138 KV  ALL-LOG,dayzer,520666,3958,ALLENIM_138 KV_ALL-LOG:ACTUAL,0.857143,0,1,1,0.6,0.222222,0,,0.767143,0.600794,0.767143,0.767143,0.692045,0.075098,FALSE,1,
medium_confidence,10018269558,4376,FRACKVIL69 KV   FRA-SHE1,pano,2366,2365,SHENAND 69KV - FRACKVIL 69KV (FRACKVIL 69 KV FRA-SHE1),0.5,1,1,1,0.666667,0.5,0,,0.733333,0.7,0.733333,0.733333,0.415404,0.317929,TRUE,1,
medium_confidence,10015879668,2356,SAWMILL 138 KV  SAW-DUB1,dayzer,520456,3778,SAWMILL_138 KV_SAW-DUB1:ACTUAL,0.857143,0,1,1,0.6,0,0,,0.767143,0.578571,0.767143,0.767143,0.692045,0.075098,FALSE,1,
medium_confidence,10000488260,589,VIENNA 138 KV VIENNA 8110 CB,pano,2013,2012,VIENNA  138 KV  13710,0.666667,0.666667,1,1,0.666667,0.571429,0,,0.711905,0.707143,0.711905,0.711905,0.629341,0.082564,TRUE,0,
medium_confidence,10000567131,2168,SALTSBUR 138 KV SALTSBUR-SOCIALHA SA-SH,pano,5194,5193,SALTSBUR 138KV - SOCIALHA 138KV (SALTSBUR 138 KV SAL-SOC),0.666667,1,1,1,0.777778,0.666667,0,,0.822222,0.8,0.822222,0.822222,0.716667,0.105555,FALSE,1,
medium_confidence,10017400408,1708,BREMO4  230 KV  2193A,pano,394,393,FRKUNION 230KV - BREMO4 230KV (BREMO4 230 KV 2193A),0.666667,1,1,1,0.833333,0.333333,0,,0.808333,0.766667,0.808333,0.808333,0.808333,0,TRUE,1,
medium_confidence,10017459244,4761,KENTN_LG138 KV  KEN-SARD,pano,105,104,KENTN_LG 138KV - SARDINIA 138KV (KENTN_LG 138 KV KEN-SARD),0.6,1,1,1,0.75,0.6,0,,0.7875,0.76,0.7875,0.7875,0.603571,0.183929,FALSE,1,
medium_confidence,10016744783,4055,SHICKSVI138 KV  SHI-SOWR,pano,868,867,SOWERS 138KV - SHICKSVI 138KV (SHICKSVI 138 KV SHI-SOWR),0.5,1,1,1,0.714286,0.545455,0,,0.737987,0.704545,0.737987,0.737987,0.708333,0.029654,TRUE,1,
medium_confidence,10000565897,4799,ALLEN 115 KV ALLEN-ROUNDTOP 981-2,dayzer,519316,2953,ALLEN_115 KV_ALL-ROU:ACTUAL,0.75,0,1,1,0.888889,0.444444,0,,0.726389,0.569444,0.726389,0.726389,0.356944,0.369445,TRUE,1,
medium_confidence,10016776077,101,GREYSPT 115 KV  GRE-HARM,dayzer,520766,4043,GREYSPT_115 KV_GRE-HARM:ACTUAL,0.857143,0,1,1,0.6,0.222222,0,,0.767143,0.600794,0.767143,0.767143,0.683333,0.08381,FALSE,1,
medium_confidence,10016033566,4470,MORANDP 115 KV  158A,pano,3481,3480,FARMVILL 115KV - MORANDP 115KV (MORANDP 115 KV 158A),0.666667,1,1,1,0.875,0.444444,0,,0.815972,0.777778,0.815972,0.815972,0.568651,0.247321,FALSE,1,
medium_confidence,10000675025,1114,SEWARD 230 KV 9 TX,dayzer,101157,221,SEWARD_230 KV_9 TX:ACTUAL,0.8,0,1,1,1,0.666667,0,,0.77,0.616667,0.77,0.77,0.640476,0.129524,FALSE,1,
medium_confidence,10017400913,2369,CHICAGO - USSTOCKTON 138KV L/O WILTON CENTER - DUMONT 765KV,pano,12560,12559,Munster 345/138 kV xfmr l/o Dumont-Wilton Center,0.571429,1,1,1,0.666667,0,0,,0.740476,0.685714,0.740476,0.740476,0.740476,0,TRUE,1,
medium_confidence,10004293419,1381,BEAVER  138 KV  BEA-NAS1,dayzer,520324,3662,BEAVER_138 KV_BEA-NAS1:ACTUAL,0.857143,0,1,1,0.666667,0,0,,0.77381,0.578571,0.77381,0.77381,0.77381,0,TRUE,1,
medium_confidence,10015884512,3619,WILSON  138 KV  WIL-WMI2,pano,4158,4157,WMIFFLIN 138KV - WILSON 138KV (WILSON 138 KV WIL-WMI),0.5,1,1,1,0.714286,0.545455,0,,0.737987,0.704545,0.737987,0.737987,0.557493,0.180494,TRUE,1,
medium_confidence,10003623340,1247,11 FISK 138 KV  TR75R 12,dayzer,519951,3357,11 FISK_138 KV_TR75R 12:ACTUAL,0.8,0,1,1,1,0.5,0,,0.77,0.6,0.77,0.77,0.640476,0.129524,FALSE,1,
medium_confidence,10002854638,1709,CANTON 34 KV CAN-BLO2,dayzer,514136,2690,CANTON_34 KV_CAN-BLO2:ACTUAL,0.857143,0,1,1,1,0.333333,0,,0.807143,0.611905,0.807143,0.807143,0.596429,0.210714,FALSE,1,
medium_confidence,10000468874,3102,COLLIER 345 KV COLLIER T1 XFORMER,pano,14706,14705,COLLIER 345 KV  T1,0.8,0.75,1,1,0.727273,0.571429,0,,0.799935,0.794643,0.799935,0.799935,0.774176,0.025759,TRUE,1,
medium_confidence,10016955781,3384,SAMMISFE345 KV  SAM-WELL,pano,4625,4624,WELLSVIL 345KV - SAMMISFE 345KV (SAMMISFE 345 KV SAM-WELL),0.5,1,1,1,0.714286,0.545455,0,,0.737987,0.704545,0.737987,0.737987,0.737987,0,TRUE,1,
medium_confidence,10004217039,835,CLY     115 KV  CLY-YOR,dayzer,100066,126,CLY_115 KV_CLY-YOR:ACTUAL,0.8,0,1,1,0.444444,0.222222,0,,0.714444,0.572222,0.714444,0.714444,0.575,0.139444,TRUE,1,
medium_confidence,10017430036,2359,KENNY   138 KV  KEN-ROB1,dayzer,520958,4217,KENNY_138 KV_KEN-ROB1:ACTUAL,0.857143,0,1,1,0.6,0,0,,0.767143,0.578571,0.767143,0.767143,0.683333,0.08381,FALSE,1,
medium_confidence,10000566226,4841,BOWIE 115 KV BOWIE-LANHAM 11506,dayzer,511052,1607,BOWIE 115 KV BOW-LAN6 Lanham-Bowie 11505 Lanham-Wildercroft 11515 115,0.888889,0,1,1,0.8,0.666667,0,,0.807778,0.661111,0.807778,0.807778,0.726389,0.081389,FALSE,1,
low_or_ambiguous,10016433477,818,OTTCRKPL230 KV  OTT-YOR,dayzer,553564,12069,OTTCRKPL_230 KV_OTT-YOR:500/230.Conastone.500-4,0.571429,0,1,1,0.75,0.333333,0,,0.596429,0.469048,0.596429,0.596429,0.498889,0.09754,TRUE,1,
low_or_ambiguous,10018669939,970,DUNEACRE-MICHIGANCITY 13843 138KV L\O GREENTOWN-DUMONT 765KV,dayzer,554146,12501,DUNEACRE_138 KV_DUN-MIC1:L765.Dumont-Greentown,0.461538,0,1,1,0.571429,0,0,,0.507143,0.380769,0.507143,0.507143,0.507143,0,TRUE,1,
low_or_ambiguous,10003951045,2540,BIGPINET138 KV  BIG-KIS,dayzer,520902,4167,BIGPINET_138 KV_BIG-KIS:ACTUAL,0.571429,0,1,1,0.363636,0.222222,0,,0.557792,0.457937,0.557792,0.557792,0.525,0.032792,TRUE,1,
low_or_ambiguous,10017072318,3056,BRIGHTON230 KV  BRI-MTZ4,pano,2288,2287,BRIGHTON 230KV - MTZION 230KV (BRIGHTON 230 KV BRI-MTZ4),0.5,1,1,1,0.714286,0.444444,0,,0.732937,0.694444,0.732937,0.732937,0.613294,0.119643,TRUE,1,
low_or_ambiguous,10017320457,2039,EDELPHOS69 KV   EDE-NDE,pano,1957,1956,NDELPHOS 69KV - EDELPHOS 69KV (EDELPHOS 69 KV EDE-NDE),0.5,1,1,1,0.823529,0.615385,0,,0.746946,0.711538,0.746946,0.746946,0.505769,0.241177,TRUE,1,
low_or_ambiguous,10000468553,1214,OX4 500 KV OX4 TX1 XFORMER,dayzer,552119,11148,OX4_500 KV_TX1:L500.Ladysmith-Possum Point.568,0.444444,0,1,1,0.923077,0,0,,0.531197,0.372222,0.531197,0.531197,0.508333,0.022864,TRUE,1,
low_or_ambiguous,10001779404,2762,TRENTON2 138 KV TRENTON2-HUTCHING TIE,dayzer,101319,329,TRENTON2_138 KV_TRE-HUT1:ACTUAL,0.6,0,1,1,0.461538,0,0,,0.586154,0.45,0.586154,0.586154,0.547403,0.038751,TRUE,1,
low_or_ambiguous,10000580343,1004,COLONIAL 115 KV COL.PIPE-RRIDGE2 110512,pano,15437,15436,COLONIAL115 KV  COL-ROC2,0.666667,0,1,1,0.461538,0.5,0,,0.498077,0.533333,0.498077,0.498077,0.498077,0,TRUE,1,
low_or_ambiguous,10018985852,3022,MAHANSLA_138KVMAH-TID_1_LN,dayzer,101020,139,MAHANSLA_138 KV_MAH-TID:ACTUAL,0.5,0,0,0,0.363636,0,0,,0.361364,0.25,0.361364,0.361364,0.336923,0.024441,TRUE,1,
low_or_ambiguous,10016737384,2889,COOK - OLIVE 345 KV L/O DUMONT - COOK 765 KV,dayzer,3000123,12986,Flowgate Dumont-Twin Branch 2 345kV l/o Cook U1 Cook.U1,0.5,0,1,1,0.461538,0,0,,0.521154,0.4,0.521154,0.521154,0.519444,0.00171,TRUE,1,
low_or_ambiguous,10016074872,1008,FACEROCK69 KV   FAC-MAN,pano,5275,5274,FACEROCK 69KV - MANOR 69KV (FACEROCK 69 KV FAC-MAN),0.5,1,1,1,0.75,0.5,0,,0.7375,0.7,0.7375,0.7375,0.53754,0.19996,TRUE,1,
low_or_ambiguous,10019094841,3546,CEDARCRE_138KVCED-CLA_1_LN,pano,718,717,CEDARCRE 138KV - CLAYTON 138KV (CEDARCRE 138 KV CED-CLA),0.444444,0,0,0,0.363636,0,0,,0.218182,0.222222,0.218182,0.218182,0.216667,0.001515,TRUE,1,
low_or_ambiguous,10016769155,4988,BUCKNGHM230 KV  TX3,dayzer,520832,4105,BULLRUN_230 KV_TX3:ACTUAL,0.4,0,1,1,0.25,0,0,,0.435,0.35,0.435,0.435,0.435,0,TRUE,1,
low_or_ambiguous,10000466699,2457,YUKON 500 KV YUKON TRAN 3 XFORMER,dayzer,551262,10652,YUKON_500 KV_TRAN 7:500/138.Yukon.TR5,0.666667,0,1,1,0.75,0,0,,0.658333,0.483333,0.658333,0.658333,0.658333,0,TRUE,0,
low_or_ambiguous,10019003831,346,CONASTON_230KVCNS-NOR1_1_LN,pano,326,325,CONASTON 230KV - NRTHWES2 230KV (CONASTON 230 KV CNS-NOR1),0.444444,1,0,0,0.666667,0,0,,0.533333,0.472222,0.533333,0.533333,0.533333,0,TRUE,1,
low_or_ambiguous,10000571963,4537,04MFLDQ1 138 KV 04MFLDQ1-PAWNEETP 2,dayzer,519906,3320,MAYFLD_138 KV_04M-PAW2:ACTUAL,0.666667,0,1,1,0.461538,0,0,,0.629487,0.483333,0.629487,0.629487,0.597143,0.032344,TRUE,0,
low_or_ambiguous,10000565514,301,ELIMSPOR 230 KV ELIMSPOR-SUNBURY,dayzer,533813,8584,ELIMSPOR_230 KV_ELI-SUN:L230.Montour-Milton-Sunbury,0.666667,0,1,1,0.8,0.222222,0,,0.663333,0.505556,0.663333,0.663333,0.633333,0.03,TRUE,1,
low_or_ambiguous,10003796268,2403,NMESHOPP #3 TX XFORMER L 115 KV,dayzer,101120,197,NMESHOPP_230 KV_#3 TX:ACTUAL,0.571429,0,0,0,0.4,0.25,0,,0.411429,0.310714,0.411429,0.411429,0.411429,0,TRUE,1,
low_or_ambiguous,10002892048,3024,WHITAKER115 KV  1001B,pano,3664,3663,WHITAKER 115KV - CONSLDSL 115KV (WHITAKER 115 KV 1001B),0.333333,1,1,1,0.666667,0.285714,0,,0.647619,0.595238,0.647619,0.647619,0.515,0.132619,TRUE,1,
low_or_ambiguous,10017055336,1426,AQUAHAR 230 KV  2119,dayzer,554592,13797,AQUAHAR_230 KV_252B:L500.Midlothian-NorthAnna.576,0.333333,0,1,1,0.888889,0,0,,0.455556,0.316667,0.455556,0.455556,0.435,0.020556,TRUE,0,
low_or_ambiguous,10016078546,1132,08WLDER1138 KV  08W-PIE1,pano,5456,5455,BECKJORD 138KV - 08WLDER1 138KV (08WLDER1 138 KV 08W-PIE1),0.5,1,0,0,0.714286,0.333333,0,,0.577381,0.533333,0.577381,0.577381,0.491667,0.085714,TRUE,1,
low_or_ambiguous,10000566625,3212,MILFORD 230 KV MILFORD-STEELE 23076,dayzer,531561,6961,MILFORD_230 KV_MIL-STE:L230.Steele-Vienna.23085 & 230/138.Vienna.AT20,0.727273,0,1,1,0.714286,0.222222,0,,0.694156,0.535859,0.694156,0.694156,0.692045,0.002111,TRUE,0,
low_or_ambiguous,10000565959,4093,MIDDLJCT 115 KV MIDDLJCT-YORKHAVE 978-1,dayzer,100062,124,MIDDLJCT_115 KV_MID-YOR8:ACTUAL,0.666667,0,1,1,0.461538,0,0,,0.629487,0.483333,0.629487,0.629487,0.582857,0.04663,TRUE,1,
low_or_ambiguous,10018990199,1710,ASYLUM_230KVASY-ETOW_1_LN,dayzer,520073,3465,ASYLUM_230 KV_ASY-ETOW:ACTUAL,0.5,0,0,0,0.666667,0.5,0,,0.391667,0.3,0.391667,0.391667,0.235714,0.155953,TRUE,1,
low_or_ambiguous,10000566612,3265,LORETTO 138 KV LORETTO-PINEYGRO 13777,dayzer,519944,3350,LORETTO_138 KV_LOR-PIN:ACTUAL,0.75,0,1,1,0.545455,0.2,0,,0.692045,0.545,0.692045,0.692045,0.65,0.042045,TRUE,1,
low_or_ambiguous,10016033327,880,BARD_IND69 KV   EBR-BARD,pano,5851,5850,BARD_IND 69KV - E_BARDST 69KV (BARD_IND 69 KV EBR-BARD),0.444444,0,1,1,0.363636,0.666667,0,,0.401515,0.438889,0.401515,0.401515,0.164286,0.237229,TRUE,1,
low_or_ambiguous,10016003766,2084,MICKLETO69 KV   MIC-VAL,dayzer,520825,4098,MICKLETO_69 KV_MIC-VAL:ACTUAL,0.571429,0,1,1,0.75,0.571429,0,,0.596429,0.492857,0.596429,0.596429,0.519444,0.076985,TRUE,1,
low_or_ambiguous,10000565661,1228,CONASTON 230 KV CONASTON-NORTHWES 2322,pano,16529,16528,CONASTON230 KV  CNS-NOR2,0.75,0,1,1,0.545455,0.5,0,,0.539773,0.575,0.539773,0.539773,0.539773,0,TRUE,1,
low_or_ambiguous,10016238409,2920,BOONETWN230 KV  BOO-NBO,dayzer,520652,3949,BOONETWN_230 KV_BOO-NBO:ACTUAL,0.571429,0,1,1,0.75,0.571429,0,,0.596429,0.492857,0.596429,0.596429,0.385714,0.210715,TRUE,1,
low_or_ambiguous,10016470257,5144,EDGEMOOR230 KV  EDG-LIN,dayzer,201369,591,EDGEMOOR_230 KV_EDG-LIN:Claymont-Edgemoor.23015,0.571429,0,1,1,0.444444,0.333333,0,,0.565873,0.469048,0.565873,0.565873,0.555,0.010873,TRUE,1,
low_or_ambiguous,10015877777,734,GUARDIAN138 KV  GUA-TWI1,pano,3675,3674,TWINBRAN 138KV - GUARDIAN 138KV (GUARDIAN 138 KV GUA-TWI1),0.5,1,1,1,0.714286,0.444444,0,,0.732937,0.694444,0.732937,0.732937,0.602183,0.130754,TRUE,1,
low_or_ambiguous,10000544046,1423,0906 138 KV 0906 LINE 38L0906 2,pano,140,139,02FAYET 138KV - 02LYONS 138KV (02LYONS 138 KV 02L-02F1),0,0,1,1,0,0.5,0,,0.175,0.2,0.175,0.175,0.175,0,TRUE,0,
low_or_ambiguous,10017084231,3600,MUSEVILL138 KV  MUS-SMIT,dayzer,520953,4212,MUSEVILL_138 KV_MUS-SMIT:ACTUAL,0.571429,0,1,1,0.4,0.25,0,,0.561429,0.460714,0.561429,0.561429,0.522222,0.039207,TRUE,1,
low_or_ambiguous,10000468791,5013,LEXINGTN 230 KV LEXINGTN TX4 XFORMER,pano,2717,2716,LEXINGTN 230KV - LEXINGTN 115KV (LEXINGTN 230 KV TX4),0.5,1,1,1,0.714286,0.571429,0,,0.739286,0.707143,0.739286,0.739286,0.622273,0.117013,TRUE,1,
low_or_ambiguous,10019553874,2817,FREMNT_138KVFRE-FRE1_1_LN,dayzer,520974,4232,FREMNT_138 KV_FRE-FRE1:ACTUAL,0.5,0,0,0,0.333333,0,0,,0.358333,0.25,0.358333,0.358333,0.335043,0.02329,TRUE,1,
low_or_ambiguous,10000566442,4596,SHERMAN 69 KV SHERMAN-VINELAND,dayzer,532134,7377,SHERMAN_69 KV_SHE-VIN:L69.Monroe-Vineland.0711,0.8,0,1,1,0.615385,0.222222,0,,0.731538,0.572222,0.731538,0.731538,0.692045,0.039493,TRUE,1,
low_or_ambiguous,10000566511,148,COLORA 230 KV COLORA-CONOWING 220-88,dayzer,519039,2733,COLORA_230 KV_COL-CON2:ACTUAL,0.75,0,1,1,0.545455,0,0,,0.692045,0.525,0.692045,0.692045,0.632308,0.059737,TRUE,1,
low_or_ambiguous,10017406003,1341,GOOSECRE500 KV  TX1,pano,14143,14142,VALLEY4 500 KV  TX1,0.5,0,1,1,0.25,0.666667,0,,0.420833,0.466667,0.420833,0.420833,0.420833,0,TRUE,0,
low_or_ambiguous,10000569398,3542,NEWCARLI 138 KV NEWCARLI-OLIVE,dayzer,520359,3696,NEWCARLI_138 KV_NEW-OLI1:ACTUAL,0.666667,0,1,1,0.8,0.285714,0,,0.663333,0.511905,0.663333,0.663333,0.594545,0.068788,TRUE,1,
low_or_ambiguous,10019084196,2108,CANYON_230KVCAN-NME_1_LN,pano,838,837,NMESHOPP 230KV - CANYON 230KV (CANYON 230 KV CAN-NME),0.444444,0,0,0,0.363636,0,0,,0.218182,0.222222,0.218182,0.218182,0.215385,0.002797,TRUE,1,
low_or_ambiguous,10000568465,2854,BROADFO2 138 KV BROADFO2-SALTVILL 2,dayzer,512477,2228,BROADFO2_138 KV_BRO-SAL2:ACTUAL,0.666667,0,1,1,0.428571,0,0,,0.62619,0.483333,0.62619,0.62619,0.593333,0.032857,TRUE,1,
low_or_ambiguous,10019091878,3318,ALLLUD4J_138KVALJ-ALL_1_LN,pano,544,543,ALLLUD4J 138KV - ALLDAM6 138KV (ALLLUD4J 138 KV ALJ-ALL),0.444444,1,0,0,0.666667,0,0,,0.533333,0.472222,0.533333,0.533333,0.533333,0,TRUE,1,
low_or_ambiguous,10018976764,3695,ELKGARD2_138KVELK-LEB1_1_LN,pano,1057,1056,LEBANON 138KV - ELKGARD2 138KV (ELKGARD2 138 KV ELK-LEB1),0.444444,1,0,0,0.736842,0.222222,1,,0.547953,0.494444,0.547953,0.547953,0.476366,0.071587,TRUE,1,
low_or_ambiguous,10002424368,3354,DIXONVIL115 KV DIX-GLO,pano,5999,5998,GLORY 115KV - DIXONVIL 115KV (DIXONVIL 115 KV DIX-GLO),0.5,1,1,1,0.714286,0.545455,0,,0.737987,0.704545,0.737987,0.737987,0.658333,0.079654,TRUE,1,
low_or_ambiguous,10017410968,2866,BEAVER CHANNEL - SUB 49 161 KV L/O CORDOVA - SUB39 345 KV,pano,16043,16042,Beaver Channel-Sub 49 161 l/o Cordova-Sub 39 345+Sub 39 345/161,0.909091,0.8,0,0,0.833333,0,0,,0.690758,0.654545,0.690758,0.690758,0.600769,0.089989,TRUE,1,
low_or_ambiguous,10000572247,3525,LAKVEW 138 KV LAKVEW-GREENFOE,dayzer,512803,2406,LAKVEW_138 KV_LAK-GRE1:ACTUAL,0.75,0,1,1,0.545455,0,0,,0.692045,0.525,0.692045,0.692045,0.65,0.042045,TRUE,1,
low_or_ambiguous,10015886923,1144,BENTMOUN138 KV  BEN-CLE1,pano,5155,5154,BENTMOUN 138KV - CLEARBRO 138KV (BENTMOUN 138 KV BEN-CLE1),0.5,1,1,1,0.714286,0.444444,0,,0.732937,0.694444,0.732937,0.732937,0.540299,0.192638,TRUE,1,
low_or_ambiguous,10016433475,4881,BEDFORD 115 KV  BED-CEN,dayzer,550742,10202,BEDFORD_115 KV_BED-CEN:L115.Hilltop-Krayn-RachelHill (HillclayJctSalix),0.545455,0,1,1,0.823529,0.181818,0,,0.586898,0.440909,0.586898,0.586898,0.552198,0.0347,TRUE,1,
low_or_ambiguous,10000565447,1174,BRUNNERI 230 KV BRUNNERI-MIDDLJCT #1 1056,dayzer,550637,10118,BRUNNERI_230 KV_BRU-MID6:500/230.Conastone.500-4,0.666667,0,1,1,0.8,0,0,,0.663333,0.483333,0.663333,0.663333,0.643333,0.02,TRUE,0,
low_or_ambiguous,10016433477,1695,OTTCRKPL230 KV  OTT-YOR,dayzer,553564,12069,OTTCRKPL_230 KV_OTT-YOR:500/230.Conastone.500-4,0.571429,0,1,1,0.6,0.285714,0,,0.581429,0.464286,0.581429,0.581429,0.522222,0.059207,TRUE,1,
low_or_ambiguous,10016682348,200,LAUSCHTO500 KV  T3,pano,68,67,LAUSCHTO 500KV - LAUSCHTO 230KV (LAUSCHTO 500 KV T3),0.333333,1,1,1,0.666667,0.4,0,,0.653333,0.606667,0.653333,0.653333,0.497273,0.15606,TRUE,1,
low_or_ambiguous,10018566787,1832,LINWDPE 230 KV  220-86,dayzer,520423,3751,LINWDPE_230 KV_220-87:ACTUAL,0.666667,0,1,1,0.333333,0,0,,0.616667,0.483333,0.616667,0.616667,0.616667,0,TRUE,0,
low_or_ambiguous,10019076076,1358,BOXWOOD_138KVBOX-CLI1_1_LN,dayzer,519531,3047,BOXWOOD_138 KV_BOX-CLI1:Actual,0.5,0,0,0,0.363636,0,0,,0.361364,0.25,0.361364,0.361364,0.336923,0.024441,TRUE,1,
low_or_ambiguous,10000568636,645,COLLEGEC 138 KV COLLEGEC-COLLINSV,dayzer,512479,2229,COLLEGEC_138 KV_COL-COL6:ACTUAL,0.666667,0,1,1,0.5,0,0,,0.633333,0.483333,0.633333,0.633333,0.601538,0.031795,TRUE,0,
low_or_ambiguous,10000566694,2476,ALLDAM6 138 KV ALLDAM6-KITTANNI SP-KT,dayzer,512452,2207,ALLDAM6_138 KV_ALL-KIT:ACTUAL,0.6,0,1,1,0.461538,0.181818,0,,0.586154,0.468182,0.586154,0.586154,0.586154,0,TRUE,1,
low_or_ambiguous,10016927303,4162,ARNOLDCR230 KV  TX1,dayzer,514038,2603,SADDLEBR_230 KV_TX1:ACTUAL,0.4,0,1,1,0.666667,0.666667,0,,0.476667,0.416667,0.476667,0.476667,0.476667,0,TRUE,0,
low_or_ambiguous,10016033051,4199,CHAUNCYT138 KV  CHA-LOG1,dayzer,514092,2647,CHAUNCYT_138 KV_CHA-LOG1:ACTUAL,0.571429,0,1,1,0.4,0,0,,0.561429,0.435714,0.561429,0.561429,0.522222,0.039207,TRUE,1,
low_or_ambiguous,10000566594,2191,KEENEY 500 KV KEENEY-ROCKSPRI 5025,pano,5315,5314,ROCKSPRI 500KV - KEENEY 500KV (KEENEY 500 KV KEE-ROC),0.888889,0,1,1,0.666667,0.833333,0,,0.625,0.677778,0.625,0.625,0.625,0,TRUE,1,
low_or_ambiguous,10019566035,5173,36_MADIS_138KV3610_1_LN,dayzer,519907,3321,36 MADIS_138 KV_3611:ACTUAL,0.4,0,0,0,0.666667,0.666667,0,,0.326667,0.266667,0.326667,0.326667,0.326667,0,TRUE,0,
low_or_ambiguous,10018983489,217,CEDARCRE_230KVCED-SIL_1_LN,dayzer,520775,4052,CEDARCRE_230 KV_CED-SIL:ACTUAL,0.5,0,0,0,0.363636,0,0,,0.361364,0.25,0.361364,0.361364,0.336923,0.024441,TRUE,1,
low_or_ambiguous,10000566187,2750,UTICAJCT 115 KV UTICAJCT-WAYNE WAE 1010,dayzer,554197,12550,UTICAJCT_115 KV_UTI-WAY:L345.ErieWest-Wayne.3004,0.666667,0,1,1,0.857143,0.222222,0,,0.669048,0.505556,0.669048,0.669048,0.59,0.079048,TRUE,1,
low_or_ambiguous,10018963934,4809,FRACKVIL69 KV   FR-SCEN,pano,1119,1118,FRACKVIL69 KV   FR-SCEN,1,0,1,1,0.75,0.75,0,,0.675,0.725,0.675,0.675,0.166667,0.508333,TRUE,1,
low_or_ambiguous,10019366461,5197,COLU_BC_230KVCOL-HIG_1_LN,dayzer,554607,13812,COLU BC_230 KV_COL-HIG:L230.Conastone-Northwest.2310,0.5,0,0,0,0.8,0,0,,0.405,0.25,0.405,0.405,0.180682,0.224318,TRUE,1,
low_or_ambiguous,10000569977,2493,CHESTER4 115 KV CHESTER4-TURNER4 92A,dayzer,520878,4150,CHESTER4_115 KV_92A:ACTUAL,0.571429,0,1,1,0.75,0.5,0,,0.596429,0.485714,0.596429,0.596429,0.478889,0.11754,TRUE,1,
low_or_ambiguous,10019221988,629,VOLUNTEER-PHIPPS BEND 500 L/O HANGING ROCK - CORNU 765,pano,16967,16966,Breed-Wheatland 345 l/o Jefferson-Rockport 765 kV,0.166667,0.333333,1,1,0.25,0,0,,0.3375,0.316667,0.3375,0.3375,0.323214,0.014286,TRUE,0,
low_or_ambiguous,10000568215,2593,ABINGDON 138 KV ABINGDON-CLINCHRI,dayzer,530085,5979,CLINCHRI_138 KV_CLI-LEB1:L500.Broadford-Sullivan (TVA) Tie,0.2,0,1,1,0.8,0.222222,1,,0.46,0.272222,0.46,0.46,0.46,0,TRUE,0,
low_or_ambiguous,10002233506,152,AP SOUTH REACTIVE TRANSFER INTERFACE,dayzer,5109431,13161,TRANSFER INTERFACE: APSOUTH:Chesterfield.U6,0.545455,0,0,0,0.5,0.545455,1,,0.504545,0.327273,0.504545,0.504545,0.504545,0,TRUE,1,
low_or_ambiguous,10015848469,4848,SAPONY  230 KV  TX2,pano,4376,4375,SAPONY 35KV - SAPONY 230KV (SAPONY 230 KV TX2),0.666667,1,0,0,0.8,0.8,0,,0.68,0.663333,0.68,0.68,0.508182,0.171818,TRUE,1,
low_or_ambiguous,10016445349,4241,COLU PL 69 KV   COL-DAN,dayzer,519041,2735,COLU PL_230 KV_COL-MON:ACTUAL,0.666667,0,0,0,0.5,0.181818,0,,0.483333,0.351515,0.483333,0.483333,0.411688,0.071645,TRUE,0,
low_or_ambiguous,10000565483,3103,CUMB PL 230 KV CUMB PL-JUNIATA 2235,dayzer,551692,10912,CUMB PL_230 KV_CUM-JUN:500/230.Juniata.T2,0.909091,0,1,1,0.714286,0.363636,0,,0.812338,0.640909,0.812338,0.812338,0.812338,0,TRUE,0,
low_or_ambiguous,10002892652,4030,CUTHBERT230 KV  CUT-GLOC,dayzer,519861,3289,CUTHBERT_230 KV_CUT-GLOC:ACTUAL,0.571429,0,1,1,0.75,0.571429,0,,0.596429,0.492857,0.596429,0.596429,0.446364,0.150065,TRUE,1,
low_or_ambiguous,10016682348,514,LAUSCHTO500 KV  T3,dayzer,520751,4030,LAUSCHTO_500 KV_T3:ACTUAL,0.4,0,1,1,0.666667,0.666667,0,,0.476667,0.416667,0.476667,0.476667,0.443333,0.033334,TRUE,1,
low_or_ambiguous,10018494671,939,MITTAL 2 - ROXANA 138 KV L/O SHEFFIELD - CALUMET 138 KV,dayzer,554082,12446,MITCHYRD_138 KV_MIT-MIT2:Sheffield - Calumet 138 kV,0.4,0,1,1,0.4,0,0,,0.45,0.35,0.45,0.45,0.316667,0.133333,TRUE,1,
low_or_ambiguous,10017458344,3993,KAMMER2 765 KV  400,pano,16534,16533,KAMMER2 765 KV  .200,1,0,1,1,0.5,0.5,0,,0.65,0.7,0.65,0.65,0.641667,0.008333,TRUE,0,
low_or_ambiguous,10019125941,2157,HOMERCIT_230KVHOM-SHE_1_LN,dayzer,512032,1953,HOMERCIT_230 KV_HOM-SHE:ACTUAL,0.5,0,0,0,0.4,0,0,,0.365,0.25,0.365,0.365,0.361616,0.003384,TRUE,1,
low_or_ambiguous,10019081753,4696,EDINBUR4_138KVEDI-STR_1_LN,dayzer,520237,3595,EDINBUR4_138 KV_EDI-STR:ACTUAL,0.5,0,0,0,0.363636,0,0,,0.361364,0.25,0.361364,0.361364,0.306154,0.05521,TRUE,1,
low_or_ambiguous,10001823653,4054,TGAS 115 KV STROY-TGAS TAP,dayzer,513018,2562,TGAS_115 KV_STR-GAS:ACTUAL,0.666667,0,1,1,0.461538,0.166667,0,,0.629487,0.5,0.629487,0.629487,0.5625,0.066987,TRUE,1,
low_or_ambiguous,10002871423,4275,JOHNSONM-OTTER B 138 KV,dayzer,519537,3052,JOHNSONM_138 KV_JOH-OTT1:Actual,0.666667,0,1,1,0.461538,0,0,,0.629487,0.483333,0.629487,0.629487,0.629487,0,TRUE,1,
low_or_ambiguous,10016238233,1037,EDISON2-GRAVLPIT EDI-GRA    B  138 KV,dayzer,534269,8943,EDISON2_138 KV_EDI-OLI1:345/138.Twinbranch.6 & 7,0.5,0,1,1,0.363636,0,0,,0.511364,0.4,0.511364,0.511364,0.511364,0,TRUE,0,
low_or_ambiguous,10000567023,4237,KINGWOOD 138 KV KINGWOOD-PRUNTYTO 100,pano,1093,1092,PRUNTYTO 138KV - KINGWOOD 138KV (KINGWOOD 138 KV KIN-PRU),0.8,0,1,1,0.666667,0.769231,0,,0.581795,0.626923,0.581795,0.581795,0.580238,0.001557,TRUE,1,
low_or_ambiguous,10000467931,1676,BRISTERS 500 KV BRISTERS TX1 XFORMER,pano,1769,1768,BRISTERS 500KV - BRISTERS 230KV (BRISTERS 500 KV TX1),0.5,1,1,1,0.666667,0.666667,0,,0.741667,0.716667,0.741667,0.741667,0.613269,0.128398,TRUE,1,
low_or_ambiguous,10019147497,3402,37_NATOM_138KV11417_1_LN,pano,388,387,0704_07013807043_1_LN,0.5,0,0,0,0.333333,0,0,,0.241667,0.25,0.241667,0.241667,0.241667,0,TRUE,0,
low_or_ambiguous,10015854664,2116,HAYES_FE138 KV  AVE-HAYE,dayzer,520392,3721,HAYES_FE_138 KV_AVE-HAYE:ACTUAL,0.666667,0,1,1,0.545455,0.285714,0,,0.637879,0.511905,0.637879,0.637879,0.623333,0.014546,TRUE,1,
low_or_ambiguous,10017095060,4284,SHAMPTON115 KV  93A,pano,2826,2825,SHAMPTON 115KV - WTKINSCR 115KV (SHAMPTON 115 KV 93A),0.333333,1,1,1,0.777778,0.2,0,,0.648889,0.586667,0.648889,0.648889,0.3825,0.266389,TRUE,1,
low_or_ambiguous,10017055336,2121,AQUAHAR 230 KV  2119,pano,1737,1736,AQUAHAR 230 KV  2119,1,0,1,1,0.5,0.571429,0,,0.653571,0.707143,0.653571,0.653571,0.65,0.003571,TRUE,1,
low_or_ambiguous,10017153623,2815,SCHUYLKI230 KV  SCH 7TR,dayzer,520867,4139,SCHUYLKI_230 KV_SCH 7TR:ACTUAL,0.571429,0,1,1,0.75,0.5,0,,0.596429,0.485714,0.596429,0.596429,0.395238,0.201191,TRUE,1,
low_or_ambiguous,10017119210,2975,PLANEBRO230 KV  PLA-TRE4,pano,3778,3777,TREDYFFR 230KV - PLANEBRO 230KV (PLANEBRO 230 KV PLA-TRE4),0.5,1,1,1,0.714286,0.444444,0,,0.732937,0.694444,0.732937,0.732937,0.481429,0.251508,TRUE,1,
low_or_ambiguous,10004067352,3040,BUCKSKIN69 KV   BUC-GRE1,dayzer,520064,3459,BUCKSKIN_69 KV_BUC-GRE1:ACTUAL,0.571429,0,1,1,0.4,0,0,,0.561429,0.435714,0.561429,0.561429,0.522222,0.039207,TRUE,1,
low_or_ambiguous,10000689226,3073,66 E FRN138 KV 6605 1,dayzer,520062,3457,66 E FRN_138 KV_6606 1:ACTUAL,0.4,0,1,1,0.666667,0.5,0,,0.476667,0.4,0.476667,0.476667,0.476667,0,TRUE,0,
low_or_ambiguous,10019045661,283,CEDARGRO_230KVCED-CLIB_1_LN,dayzer,512807,2408,CEDARGRO_230 KV_CED-CLIB:ACTUAL,0.5,0,0,0,0.666667,0.5,0,,0.391667,0.3,0.391667,0.391667,0.296364,0.095303,TRUE,1,
low_or_ambiguous,10000469019,1535,MIAMIFOR 345 KV MIAMIFOR 10 XFORMER,pano,1379,1378,MIAMIFOR 345KV - MIAMIFOR 138KV (MIAMIFOR 345 KV 10),0.333333,1,1,1,0.666667,0.571429,0,,0.661905,0.62381,0.661905,0.661905,0.596291,0.065614,TRUE,1,
low_or_ambiguous,10002735921,3638,133 ROCK138 KV TR77 34,dayzer,520528,3840,107 DIXO_138 KV_TR77:ACTUAL,0.4,0,1,1,0.25,0,0,,0.435,0.35,0.435,0.435,0.435,0,TRUE,0,
low_or_ambiguous,10000570434,4086,IDYLWOO4 230 KV IDYLWOO4-CLARK4 202A,dayzer,554233,12584,IDYLWOO4_230 KV_202A:L230.ParagonPark-Beaumeade.2206,0.444444,0,1,1,0.571429,0,0,,0.496032,0.372222,0.496032,0.496032,0.481746,0.014286,TRUE,1,
low_or_ambiguous,10017014653,4866,FOSTORIA138 KV  FOS-MEL1,dayzer,552008,11058,HOWARD2_138 KV_HOW-MEL1:L345.SouthBerwick-FostoriaCentral,0.222222,0,1,1,0.666667,0,0,,0.361111,0.261111,0.361111,0.361111,0.355714,0.005397,TRUE,1,
low_or_ambiguous,10017414710,3847,CARLYLES230 KV  CAR-NRTH,dayzer,553556,12065,CARLYLES_230 KV_CAR-NRTH:L230.Ox-VirginiaHills.248B + SR1,0.363636,0,1,1,0.875,0.285714,0,,0.473864,0.36039,0.473864,0.473864,0.45,0.023864,TRUE,1,
low_or_ambiguous,10016743894,534,ETOWANDA-HILLSIDE 2002 TIE  A  230 KV,pano,907,906,ETOWANDA 230KV - HILLSIDE 230KV (ETOWANDA 230 KV ETO-HIL),0.5,1,1,1,0.777778,0.4,0,,0.733889,0.69,0.733889,0.733889,0.609167,0.124722,TRUE,0,
low_or_ambiguous,10016880045,890,MONTVALE69 KV   MON-PEA,dayzer,520869,4141,MONTVALE_69 KV_MON-PEA:ACTUAL,0.571429,0,1,1,0.444444,0.25,0,,0.565873,0.460714,0.565873,0.565873,0.555,0.010873,TRUE,1,
low_or_ambiguous,10003948965,3184,HIGHRIDG230 KV  HIG-SAN1,pano,18112,18111,HIGHRIDG230 KV  HIG-HOW,0.666667,0.8,1,1,0.727273,0.5,0,,0.751364,0.733333,0.751364,0.751364,0.751364,0,TRUE,1,
low_or_ambiguous,10000468011,944,ELMONT4 500 KV ELMONT4 TX2 XFORMER,dayzer,530137,6008,ELMONT4_500 KV_TX2:L500.Elmont-Ladysmith.574,0.5,0,1,1,0.615385,0,0,,0.536538,0.4,0.536538,0.536538,0.45,0.086538,TRUE,1,
low_or_ambiguous,10016474716,1705,AUGTINE 138 KV  08A-WEN1,pano,5507,5506,AUGTINE 138KV - WEST_END 138KV (AUGTINE 138 KV 08A-WEN1),0.666667,0,1,1,0.461538,0.666667,0,,0.50641,0.55,0.50641,0.50641,0.505844,0.000566,TRUE,1,