review_bucket,dayzer_bus,pano_bus,dayzer_kv,pano_kv,distance_km,name_score,voltage_score,topology_score,composite_score,propagation_score,match_stage,confidence_label,ambiguity_flag,latlon_baseline_pano_bus,graph_aware_pano_bus,review_label,review_notes
high_confidence,L_CUERO_9_1Y,CUERO_69KV_1,69,69,0.1016853373,0.5416666667,1,0.8222222222,0.848339702,0.9908045854,propagated,high,FALSE,CUERO_69KV_1,CUERO_69KV_1,1,
high_confidence,L_DARSCR9_1Y,DARSCR_69KV_1,69,69,0.2192162042,0.482,1,0.8,0.8272297122,0.9756053928,top_ranked_unpropagated,high,FALSE,DARSCR_69KV_1,DARSCR_69KV_1,1,
high_confidence,MAGRUDER2A,MAGRUDER_69KV_1,69,69,0.1128451909,0.384,1,0.8307692308,0.8104659346,0.9635354729,propagated,high,FALSE,MAGRUDER_138KV_2,MAGRUDER_69KV_1,1,
high_confidence,RUSTHILL2A,RUSTHILL_69KV_1,69,69,0.1437185933,0.384,1,0.8,0.8038519482,0.9587734027,propagated,high,FALSE,HIGHLAND_138KV_1,RUSTHILL_69KV_1,1,
high_confidence,SAPOWER2A,SAPOWER_69KV_1,69,69,0.01296042727,0.3652173913,1,0.8,0.8011100044,0.9567992032,propagated,high,FALSE,SAPOWER_69KV_1,SAPOWER_69KV_1,1,
high_confidence,NCARBIDE4A,NCARBIDE_138KV_2,138,138,0.5291567022,0.3692307692,1,0.8,0.7944744244,0.9520215856,propagated,high,FALSE,NCARBIDE_13KV_3,NCARBIDE_138KV_2,1,
high_confidence,LEO,LEO_138KV_1,138,138,0.058368046,0.3404761905,1,0.8,0.7942448032,0.9518562583,propagated,high,FALSE,LEO_138KV_1,LEO_138KV_1,1,
high_confidence,BIG_STAR_5,BIG_STAR_345KV_1,345,345,0.0201039718,0.5615384615,1,0.8666666667,0.8634165407,0.9516599093,seed,high,FALSE,BIG_STAR_345KV_1,BIG_STAR_345KV_1,1,
high_confidence,BORDAS2_5,BORDAS2_345KV_1,345,345,0.3497864754,0.55,1,0.825,0.847298818,0.940055149,top_ranked_unpropagated,high,FALSE,BORDAS2_34KV_1,BORDAS2_345KV_1,1,
high_confidence,LVOK2A,LVOK_69KV_1,69,69,0.2798925837,0.2823529412,1,0.8,0.7764190874,0.9390217429,propagated,high,FALSE,LVOK_138KV_1,LVOK_69KV_1,1,
high_confidence,SO_TEX__345A,STP_345KV_1,345,345,0.5511935244,0.4022727273,1,0.6678787879,0.7759889274,0.9387120278,propagated,high,FALSE,STP_25KV_1,STP_345KV_1,1,
high_confidence,DUSTDVL4A,DUSTDEVI_138KV_1,138,138,0.7659898112,0.288,1,0.8,0.7707273982,0.9349237267,propagated,high,FALSE,DUSTDEVI_138KV_1,DUSTDEVI_138KV_1,1,
high_confidence,L_HAYSEN5_1Y,HAYSEN_345KV_1,345,345,0.2930443818,0.4653846154,1,0.5311111111,0.7682047568,0.9331074249,propagated,high,FALSE,HAYSEN_21KV_3,HAYSEN_345KV_1,1,
high_confidence,CMPKSTUP_8,CPSES_138KV_1,138,138,0.325874057,0.2086956522,1,0.8,0.7573254095,0.9252742948,propagated,high,FALSE,CPSES_138KV_1,CPSES_138KV_1,1,
high_confidence,L_YOAKUM8_1Y,YOAKUM_138KV_1,138,138,4.709690316,0.4192307692,1,0.82,0.7558640618,0.9242221245,propagated,high,FALSE,YOAKUM_138KV_1,YOAKUM_138KV_1,1,
high_confidence,BRYN_RELLIS,RELLIS_138KV_1,138,138,4.065764398,0.3505,1,0.8666666667,0.7557712356,0.9241552897,propagated,high,FALSE,RELLIS_138KV_1,RELLIS_138KV_1,1,
high_confidence,BRYN_NORTH,NORTHBR_69KV_1,69,69,0.04970438678,0.18,1,0.8,0.7542553599,0.9230638591,propagated,high,FALSE,NORTHBR_69KV_1,NORTHBR_69KV_1,1,
high_confidence,WES_8,WES_138KV_1,138,138,0.1068504193,0.4375,1,0.8181818182,0.8214128811,0.9214172744,propagated,high,FALSE,WES_34KV_2,WES_138KV_1,1,
high_confidence,CINNAMON2A,CINNAMON_69KV_1,69,69,4.679244961,0.384,1,0.825,0.7484175076,0.9188606055,propagated,high,FALSE,CRM3_69KV_1,CINNAMON_69KV_1,1,
high_confidence,BENFICKL4A,BENFICKL_138KV_1,138,138,0.06830013562,0.3692307692,1,0.5333333333,0.7479516043,0.9185251551,propagated,high,FALSE,BENFICKL_138KV_1,BENFICKL_138KV_1,1,
high_confidence,WOLF___POI_5,WLF_345KV_1,345,345,2.758252859,0.2857142857,1,0.8166666667,0.7461143423,0.9172023264,propagated,high,FALSE,JAY_345KV_1,WLF_345KV_1,-1,
high_confidence,LONG_DRAW,W_LD_345_345KV_1,345,345,0.09189451082,0.096,1,0.8571428571,0.7440533156,0.9157183873,propagated,high,FALSE,W_LD_345_345KV_1,W_LD_345_345KV_1,1,
high_confidence,FT_CHADB4A,FT_CHADB_138KV_1,138,138,0.1091451794,0.4192307692,1,0.8,0.8131749738,0.9154859811,propagated,high,FALSE,FTCHADBT_138KV_1,FT_CHADB_138KV_1,1,
high_confidence,SNMIGUELSWA9,SANMGSW_69KV_1,69,69,3.599585244,0.3230769231,1,0.8,0.7413554907,0.9137759533,propagated,high,FALSE,SANMGSW_138KV_1,SANMGSW_69KV_1,1,
high_confidence,ELM_MOTT__8,ELMOT_138KV_1,138,138,4.646763019,0.3652173913,1,0.8105263158,0.7412130209,0.9136733751,propagated,high,FALSE,CNPSW_138KV_2,ELMOT_138KV_1,1,
high_confidence,COL_COLETOG1,COLETO_24KV_1,24,24,0.8734340514,0.411,1,0.84,0.8079304524,0.9117099257,propagated,high,FALSE,COLETO_138KV_2,COLETO_24KV_1,1,
high_confidence,HARDYSW,HARDYSW_138KV_1,138,138,8.656596939,0.4651515152,1,0.8666666667,0.7342224688,0.9086401776,propagated,high,FALSE,HARDYSW_138KV_1,HARDYSW_138KV_1,1,
high_confidence,N_DENT_8,N_DENT_138KV_1,138,138,3.627006169,0.5363636364,1,0.8,0.7943338391,0.9019203642,propagated,high,FALSE,LOCUST_D_138KV_1,N_DENT_138KV_1,1,
high_confidence,CARVER2A,CARVER_69KV_1,69,69,5.589364034,0.3428571429,1,0.8,0.7225700176,0.9002504126,propagated,high,FALSE,SONR_69KV_1,CARVER_69KV_1,1,
high_confidence,JCKCNTY5,JCKCNTY2_345KV_1,345,345,0.8952660767,0.4,1,0.4181818182,0.7205035005,0.8987625204,propagated,high,FALSE,JCKCNTY2_18KV_2,JCKCNTY2_345KV_1,1,
high_confidence,OZONA2A,OZONA_69KV_1,69,69,0.1199742808,0.3157894737,1,0.8,0.7871531411,0.8967502616,propagated,high,FALSE,OZONA_69KV_1,OZONA_69KV_1,1,
high_confidence,BROOKHTP4A,BROOKTAP_138KV_1,138,138,5.918140555,0.3230769231,1,0.8,0.7139262056,0.894026868,propagated,high,FALSE,BROOKHOL_69KV_2,BROOKTAP_138KV_1,1,
high_confidence,W_DENT_T1,W_DENT_12KV_2,12.4,12.4,7.22209474,0.5363636364,1,0.95,0.7831627099,0.8938771511,top_ranked_unpropagated,high,FALSE,POCKRUSC_138KV_1,W_DENT_12KV_2,1,
high_confidence,ARGYLE1_8,ARGYL_138KV_1,138,138,3.017542791,0.4318181818,1,0.8,0.7759405494,0.8886771956,top_ranked_unpropagated,high,FALSE,LWSVH_138KV_1,ARGYL_138KV_1,1,
high_confidence,S_LANE__B138,LC_138KV_1,138,138,6.636081871,0.3035714286,1,0.8166666667,0.7045145596,0.8872504829,propagated,high,FALSE,LAN_CTY_138KV_2,LC_138KV_1,1,
high_confidence,PATTSNST,PATTSNST_138KV_1,138,138,11.13743187,0.4833333333,1,0.8,0.7027329841,0.8859677486,propagated,high,FALSE,JOHNSON_69KV_1,PATTSNST_138KV_1,-1,
high_confidence,CRESLENN1_1,CRESW_1KV_1,1,1,5.968054928,0.5397727273,1,0.8,0.767543914,0.8826316181,top_ranked_unpropagated,high,FALSE,KERNS_138KV_1,CRESW_1KV_1,1,
high_confidence,MELNCRK4A,MELONCRE_138KV_1,138,138,7.765344572,0.336,1,0.8,0.6974693229,0.8821779125,top_ranked_unpropagated,high,FALSE,MELONCRE_138KV_1,MELONCRE_138KV_1,1,
high_confidence,CHAMPI_UNIT1,CHAMPION_34KV_1,34.5,34.5,5.451194169,0.4305555556,1,0.9,0.7660672781,0.8815684403,propagated,high,FALSE,CHAMPION_345KV_1,CHAMPION_34KV_1,1,
high_confidence,TNCADDO___1,CADDOTN_138KV_1,138,138,13.60976294,0.4875,1,0.84,0.6917859247,0.8780858658,propagated,high,FALSE,TNPRXAIR_69KV_1,CADDOTN_138KV_1,-1,
high_confidence,DESSW1_3,DESSW_13KV_1,13.8,13.8,5.974609573,0.47,1,0.85,0.7600277907,0.8772200093,propagated,high,FALSE,PADRA_138KV_1,DESSW_13KV_1,1,
high_confidence,HINDES4A,HINDES_138KV_1,138,138,8.583287895,0.3272727273,1,0.8,0.687134049,0.8747365153,propagated,high,FALSE,HINDES_138KV_1,HINDES_138KV_1,1,
high_confidence,CHAMPION_8,CHAMP_138KV_1,138,138,3.805412814,0.3652173913,1,0.8,0.7493249544,0.8695139672,propagated,high,FALSE,KLPOD_138KV_1,CHAMP_138KV_1,1,
high_confidence,L_DESEME8_1Y,DESEME_138KV_1,138,138,2.137854677,0.4192307692,1,0.62,0.7483943102,0.8688439033,top_ranked_unpropagated,high,FALSE,DESEME_138KV_2,DESEME_138KV_1,1,
high_confidence,VISTRON_TG2,VISTRON_13KV_1,13.8,13.8,0.3713151278,0.4465,1,0.44,0.7441066577,0.8657567935,propagated,high,FALSE,VISTRON_13KV_1,VISTRON_13KV_1,1,
high_confidence,WCRSTLCTYSB9,WCRYSTS_69KV_1,69,69,3.434417228,0.3230769231,1,0.8,0.7434335012,0.8652721209,top_ranked_unpropagated,high,FALSE,CRSTLSW_69KV_1,WCRYSTS_69KV_1,1,
high_confidence,LAKEKEMPSW,LKKEMPSW_69KV_1,69,69,15.42814886,0.384,1,0.92,0.6687085587,0.8614701623,propagated,high,FALSE,AJAXWIND_34KV_2,LKKEMPSW_69KV_1,-1,
high_confidence,SKYLIN1_8,SKYLINE_138KV_2,138,138,11.25129704,0.4,1,0.71,0.6629237623,0.8573051089,propagated,high,FALSE,A0_138KV_1,SKYLINE_138KV_2,-1,
high_confidence,MDLTHELP_S5,MDANP_345KV_1,345,345,0.2577036186,0.25,1,0.6125,0.7311592433,0.8564346552,propagated,high,FALSE,MDANP_21KV_5,MDANP_345KV_1,1,
high_confidence,BRYN_KURTEN,KURTEN_138KV_1,138,138,14.10386935,0.3505,1,0.8444444444,0.6547177858,0.8513968058,propagated,high,FALSE,SUT_69KV_1,KURTEN_138KV_1,-1,
medium_confidence,FORMOSA4A,FORMOSA_138KV_1,138,138.2,1.043843608,0.35,0.65,0.8222222222,0.699188377,0.8834156315,propagated,medium,FALSE,FORMOSA_13KV_7,FORMOSA_138KV_1,1,
medium_confidence,PLACEDO2A,PLACEDO_69KV_1,69,69,0.006400100599,0.3652173913,1,0.4,0.7212083617,0.8492700204,propagated,medium,FALSE,PLACEDO_69KV_1,PLACEDO_69KV_1,1,
medium_confidence,TYLRWD_UNIT1,TYLRWIND_34KV_1,34.5,34.5,1.766975532,0.4305555556,1,0.4333333333,0.7189380165,0.8476353719,propagated,medium,FALSE,TYLRWIND_34KV_1,TYLRWIND_34KV_1,1,
medium_confidence,BONDROAD2A,BONDROAD_69KV_1,69,69,6.898362991,0.384,1,0.8,0.7184834972,0.847308118,propagated,medium,FALSE,BONDROAD_69KV_1,BONDROAD_69KV_1,1,
medium_confidence,L_MEVISW8_1Y,MEVISW_138KV_1,138,138,7.881588838,0.4192307692,1,0.8,0.7170978382,0.8463104435,propagated,medium,FALSE,MESAVIEW_138KV_1,MEVISW_138KV_1,1,
medium_confidence,NEWGLF60TP_8,NEW_138KV_1,138,138,4.505983036,0.2608695652,1,0.8,0.7147006044,0.8445844352,propagated,medium,FALSE,MAG_34KV_1,NEW_138KV_1,1,
medium_confidence,LONG_HLLW_5,LONSW_345KV_1,345,345,13.73883424,0.3,1,0.8444444444,0.6448226033,0.8442722743,propagated,medium,FALSE,BRYSNTN_69KV_1,LONSW_345KV_1,-1,
medium_confidence,WARBURTONSW9,WARBURTN_69KV_1,69,69,16.45750733,0.4,1,0.8,0.6417501213,0.8420600873,propagated,medium,FALSE,ORIANA_34KV_1,WARBURTN_69KV_1,-1,
medium_confidence,SHELDN_POI_5,SDN_345KV_1,345,345,13.44819855,0.2608695652,1,0.8666666667,0.6416937892,0.8420195282,propagated,medium,FALSE,PAT_138KV_1,SDN_345KV_1,-1,
medium_confidence,WINKLER,WINKLER_138KV_1,138,138,9.751208197,0.4651515152,1,0.8,0.7105247116,0.8415777923,propagated,medium,FALSE,NATHENRC_138KV_1,WINKLER_138KV_1,1,
medium_confidence,COYOTE_5,COYOTE_W_345KV_1,345,345,10.21594528,0.45,1,0.84,0.7105051048,0.8415636755,propagated,medium,FALSE,DERMOTT_34KV_2,COYOTE_W_345KV_1,-1,
medium_confidence,SALEM,SALEM11_138KV_1,138,138,6.435180334,0.3,1,0.84,0.7104618555,0.8415325359,propagated,medium,FALSE,GTP69_69KV_1,SALEM11_138KV_1,-1,
medium_confidence,BAEZ2A,BAEZ_69KV_1,69,69,12.55166379,0.2823529412,1,0.8,0.6407523946,0.8413417241,propagated,medium,FALSE,RAPTOR_345KV_1,BAEZ_69KV_1,-1,
medium_confidence,BEEVLLE2A,BEEVILLE_69KV_1,69,69,0.4956738723,0.35,1,0.4,0.7101562702,0.8413125145,top_ranked_unpropagated,medium,FALSE,BEEVILLE_69KV_1,BEEVILLE_69KV_1,1,
medium_confidence,CHILSW_1T8,CDHSW_138KV_1,138,138,0.0448627137,0.4152173913,1,0.28,0.7091321613,0.8405751561,propagated,medium,FALSE,CDHSW_13KV_1,CDHSW_138KV_1,1,
medium_confidence,TIEMPO7A,TIEMPO_345KV_1,345,345,6.654846037,0.3272727273,1,0.8,0.7069046603,0.8389713554,propagated,medium,FALSE,S_YGNACI_138KV_1,TIEMPO_345KV_1,-1,
medium_confidence,KRUM_T8,KRMSW_138KV_1,138,138,6.169178835,0.3,1,0.8,0.7053734336,0.8378688722,propagated,medium,FALSE,W_DENT_345KV_1,KRMSW_138KV_1,1,
medium_confidence,VENUS_N5,VENSW_345KV_2,345,345,8.001410925,0.3428571429,1,0.8272727273,0.7022506589,0.8366204744,propagated,medium,FALSE,MDANP_21KV_6,VENSW_345KV_2,1,
medium_confidence,JKCREEK3,JK_CK_12KV_1,12.5,12.5,5.71544181,0.24,1,0.84,0.7034301566,0.8364697128,propagated,medium,FALSE,JK_CK_138KV_1,JK_CK_12KV_1,1,
medium_confidence,SHBA2A,SHBA_69KV_1,69,69,6.467947573,0.2823529412,1,0.8,0.6976941012,0.8323397529,propagated,medium,FALSE,CASCARA_69KV_1,SHBA_69KV_1,1,
medium_confidence,GARNET4A,GARNET_138KV_1,138,138,17.29836821,0.3272727273,1,0.8444444444,0.6270328429,0.8314636469,propagated,medium,FALSE,BRONTE_69KV_1,GARNET_138KV_1,1,
medium_confidence,SAMSW,SAMSW_345KV_1,345,345,16.67164187,0.4166666667,1,0.7067669173,0.6258670835,0.8306243001,propagated,medium,FALSE,ABBOT_69KV_1,SAMSW_345KV_1,1,
medium_confidence,ADICKS__B345,ADK_345KV_1,345,345,17.11161149,0.4568181818,1,0.64,0.6197154517,0.8261951252,propagated,medium,FALSE,WW_138KV_3,ADK_345KV_1,-1,
medium_confidence,TNSTERLING0,S_LCOGEN_69KV_1,69,69,2.878034551,0.04615384615,1,0.8,0.6813303151,0.8205578269,propagated,medium,FALSE,TNTEPCOT_69KV_1,S_LCOGEN_69KV_1,1,
medium_confidence,SPUNKY9,SPUNKY_69KV_1,69,69,7.877060003,0.42,1,0.6,0.677335958,0.8176818898,top_ranked_unpropagated,medium,FALSE,ABBYBEND_138KV_1,SPUNKY_69KV_1,1,
medium_confidence,ERALIO2A,ERALIO_69KV_1,69,69,10.61860374,0.3428571429,1,0.8,0.6721315992,0.8139347514,top_ranked_unpropagated,medium,FALSE,CHASEFLD_69KV_2,ERALIO_69KV_1,-1,
medium_confidence,WHALEY_POI_5,WLY_345KV_1,345,345,8.850328008,0.2608695652,1,0.8153846154,0.6710196559,0.8131341522,top_ranked_unpropagated,medium,FALSE,JAY_34KV_1,WLY_345KV_1,1,
medium_confidence,PINOAK_8,POKSW_138KV_1,138,138,10.56806056,0.2857142857,1,0.8222222222,0.6627367277,0.807170444,top_ranked_unpropagated,medium,FALSE,RCHSW_138KV_1,POKSW_138KV_1,1,
medium_confidence,NCO_G1,NCO_34KV_1,34.5,34.5,19.48724029,0.5125,1,0.85,0.6613549221,0.8061755439,propagated,medium,FALSE,OLDOCEAN_69KV_1,NCO_34KV_1,-1,
medium_confidence,OLYMPSW_8,OLYSW_138KV_1,138,138,10.80631683,0.3818181818,1,0.6733333333,0.6548904797,0.8015211454,propagated,medium,FALSE,MBPOD_345KV_1,OLYSW_138KV_1,-1,
medium_confidence,NEWPRT_P8,NEWPORT_138KV_1,138,138,8.970320712,0.4,1,0.5619047619,0.6539534738,0.8008465012,top_ranked_unpropagated,medium,FALSE,HPWSW_69KV_1,NEWPORT_138KV_1,0,
medium_confidence,FALLCREEK,FAL_138KV_1,138,138,11.73368315,0.24,1,0.84,0.6448505192,0.7942923738,top_ranked_unpropagated,medium,FALSE,CMBSW_345KV_1,FAL_138KV_1,1,
medium_confidence,LYDELL_POI_8,LYD_138KV_1,138,138,13.15654626,0.2608695652,1,0.85,0.6406100447,0.7912392322,propagated,medium,FALSE,CHE_18KV_3,LYD_138KV_1,1,
medium_confidence,L_CATERP8_1Y,CATERP_138KV_1,138,138,18.15230337,0.4192307692,1,0.8,0.635853289,0.787814368,propagated,medium,FALSE,RIONOG_18KV_3,CATERP_138KV_1,-1,
medium_confidence,BRIGHTR_5,BIRSW_345KV_1,345,345,13.07197952,0.2181818182,1,0.825,0.6255965516,0.7804295171,top_ranked_unpropagated,medium,FALSE,CARTWHL_34KV_1,BIRSW_345KV_1,-1,
medium_confidence,LNGPRAIRIE_8,LPRSW_138KV_1,138,138,13.79339092,0.24,1,0.8222222222,0.6249669977,0.7799762384,top_ranked_unpropagated,medium,FALSE,NAVARRO_345KV_1,LPRSW_138KV_1,-1,
medium_confidence,WHITEHSE_8,WHOUS_138KV_1,138,138,14.49388334,0.2608695652,1,0.8,0.6205592055,0.776802628,top_ranked_unpropagated,medium,FALSE,TYBLR_138KV_1,WHOUS_138KV_1,-1,
medium_confidence,NADASUB9,NADAS_69KV_2,69,69,9.342442981,0.36,1,0.4,0.6080410567,0.7677895608,top_ranked_unpropagated,medium,FALSE,GARWCI_69KV_1,NADAS_69KV_2,-1,
medium_confidence,MROW_SLR_S1,MROW_SLR_34KV_1,34.5,34.5,16.09976987,0.6365384615,1,0.3238095238,0.6080244414,0.7677775978,top_ranked_unpropagated,medium,FALSE,PEARSAL2_13KV_1,MROW_SLR_34KV_1,0,
medium_confidence,THOUSE__5,THSES_345KV_2,345,345,10.2625622,0.3428571429,1,0.8,0.675300315,0.7672162268,propagated,medium,FALSE,BYLOR_138KV_1,THSES_345KV_2,-1,
medium_confidence,OLNEY8,OLN_138KV_1,138,138,12.05126443,0.2823529412,1,0.5333333333,0.5914769155,0.7558633791,top_ranked_unpropagated,medium,FALSE,TRINITY_34KV_2,OLN_138KV_1,0,
medium_confidence,BULLARD_8,BUPOI_138KV_1,138,138,19.72665608,0.2181818182,1,0.8,0.5764280057,0.7450281641,top_ranked_unpropagated,medium,FALSE,TSVLP_138KV_1,BUPOI_138KV_1,-1,
medium_confidence,SHPRD_RD,K5_138KV_1,138,138,14.80829761,0.06666666667,1,0.8333333333,0.5764081367,0.7450138584,top_ranked_unpropagated,medium,FALSE,X2_138KV_1,K5_138KV_1,-1,
medium_confidence,HONDO,F3_138KV_1,138,138,12.65079763,0,1,0.8,0.5693722392,0.7399480122,top_ranked_unpropagated,medium,FALSE,HONDOCS_69KV_1,F3_138KV_1,-1,
medium_confidence,WEBSTR_C63_8,WEB_138KV_1,138,138,9.939892991,0.3130434783,1,0.2285714286,0.5564820269,0.7306670594,top_ranked_unpropagated,medium,FALSE,TNNALVIN_138KV_1,WEB_138KV_1,0,
medium_confidence,PILGRM06T2_8,PJ_138KV_3,138,138.1,9.175094394,0.1636363636,0.65,0.8,0.553030169,0.7281817217,top_ranked_unpropagated,medium,FALSE,HASTINGS_138KV_1,PJ_138KV_3,-1,
medium_confidence,PAVLOV4B,PAVLOV_138KV_2,138,138.1,15.11613444,0.3272727273,0.65,0.8,0.5452076617,0.7225495164,top_ranked_unpropagated,medium,FALSE,CLEMVILL_69KV_1,PAVLOV_138KV_2,-1,
medium_confidence,BENDAVIS_5,BNDVS_345KV_1,345,345,8.475721553,0.3652173913,1,0.66,0.6696735157,0.7211649313,top_ranked_unpropagated,medium,FALSE,RCLNS_138KV_1,BNDVS_345KV_1,0,
medium_confidence,HILLCTY4_8,H1_138KV_1,138,138,17.08280411,0.18,1,0.6,0.5426947013,0.720740185,top_ranked_unpropagated,medium,FALSE,M3_138KV_1,H1_138KV_1,0,
medium_confidence,L_KENDAL8_2Y,KENDAL_138KV_1,138,138,11.10167327,0.3692307692,1,0.4696428571,0.608443534,0.7190793445,top_ranked_unpropagated,medium,FALSE,CYPRCR_138KV_1,KENDAL_138KV_1,0,
ambiguous,PEARSAL_ENG1,PEARSAL2_13KV_1,13.8,13.8,0.132826185,0.45,1,0.4,0.7405142087,0.8631702302,top_ranked_unpropagated,ambiguous,TRUE,PEARSAL2_13KV_3,PEARSAL2_13KV_1,0,
ambiguous,L_KUNITZ8_1Y,,138,138,28.07110545,0.1785714286,1,0.5333333333,0.4750260642,0.6720187662,one_to_one_conflict,ambiguous,TRUE,KUNITZ_138KV_1,,,
ambiguous,HAY_HAYSENG8,,345,21,0.2344004735,0.288,0,0.4,0.4485045165,0.6529232519,one_to_one_conflict,ambiguous,TRUE,HAYSEN_21KV_3,,,
ambiguous,BOG_T2T,,12.47,12.47,0.924801224,0.4904411765,1,0.85,0.8290541105,0.5969189595,one_to_one_conflict,ambiguous,TRUE,SL_12KV_8,,,
ambiguous,BOG_T6T,,12.47,12.47,1.086312308,0.4904411765,1,0.8571428571,0.8281788044,0.5962887392,one_to_one_conflict,ambiguous,TRUE,SL_12KV_8,,,
ambiguous,WFCOGE_UNIT1,WFCOGEN_13KV_1,13.2,13.2,0.06103765051,0.4442307692,1,0.8,0.8201435232,0.5905033367,top_ranked_unpropagated,ambiguous,TRUE,WFCOGEN_13KV_2,WFCOGEN_13KV_1,1,
ambiguous,MAVCRK_W_5,MAVCRK_W_345KV_1,345,345,4.344622002,0.5615384615,1,0.8235294118,0.7965136892,0.5734898562,top_ranked_unpropagated,ambiguous,TRUE,MAVCRK_E_34KV_2,MAVCRK_W_345KV_1,1,
ambiguous,DENDR1_8,,138,138,0.03043949746,0.45,1,0.5333333333,0.7687104215,0.5534715035,one_to_one_conflict,ambiguous,TRUE,DENDR_138KV_1,,,
ambiguous,OAKHILL2_T8,OAKT2_138KV_1,138,138,2.033711255,0.3375,1,0.8,0.7653690627,0.5510657252,top_ranked_unpropagated,ambiguous,TRUE,OAKT1_138KV_1,OAKT2_138KV_1,1,
ambiguous,BENDER_X86T8,DKR_138KV_1,138,138,1.642976478,0.2086956522,1,0.8,0.7385143715,0.5317303475,top_ranked_unpropagated,ambiguous,TRUE,DKR_138KV_1,DKR_138KV_1,1,
ambiguous,FOR_FORMOSG8,,12.47,12.47,0.8453106931,0.2769230769,1,0.6533333333,0.7374819963,0.5309870373,one_to_one_conflict,ambiguous,TRUE,FORMOSA_13KV_7,,,
ambiguous,ODEHV2_1,QALSW_1KV_2,1,1,1.327517035,0.2763157895,1,0.6431818182,0.7284490362,0.5244833061,top_ranked_unpropagated,ambiguous,TRUE,OECCS_18KV_1,QALSW_1KV_2,1,
ambiguous,WORTHAM1_9,,69,69,6.282575213,0.3772727273,1,0.8,0.7234456734,0.5208808849,one_to_one_conflict,ambiguous,TRUE,WRTHM_69KV_1,,,
ambiguous,TRA1_8,IRVHF_138KV_1,138,138,3.645886026,0.2394736842,1,0.8,0.719875235,0.5183101692,top_ranked_unpropagated,ambiguous,TRUE,LIGSW_13KV_1,IRVHF_138KV_1,1,
ambiguous,WALNUTCK,,138,138,3.278568984,0.2,1,0.8,0.7146408257,0.5145413945,one_to_one_conflict,ambiguous,TRUE,PEDERNAL_138KV_1,,,
ambiguous,CLFK2A,BELKNAP_69KV_1,69,69,2.945365827,0.18,1,0.8,0.7139187182,0.5140214771,top_ranked_unpropagated,ambiguous,TRUE,BELKNAP_69KV_2,BELKNAP_69KV_1,1,
ambiguous,LEWISVLSW8_1,,138,138,1.117960413,0.4485,1,0.3353846154,0.712892593,0.5132826669,one_to_one_conflict,ambiguous,TRUE,LWSVS_138KV_1,,,
ambiguous,ABLSPRG_T8,RWALS_138KV_1,138,138,0.7719855943,0.2608695652,1,0.5333333333,0.7105249118,0.5115779365,top_ranked_unpropagated,ambiguous,TRUE,RWALE_138KV_1,RWALS_138KV_1,1,
ambiguous,DSKYW2,,138,138,2.708829613,0.3227272727,1,0.5666666667,0.706014232,0.508330247,one_to_one_conflict,ambiguous,TRUE,DSKYTAP2_138KV_1,,,
ambiguous,ORAN1_9,ORANS_69KV_1,69,69,8.096609737,0.3657894737,1,0.8133333333,0.7042409996,0.5070535197,top_ranked_unpropagated,ambiguous,TRUE,GRAHAM_69KV_1,ORANS_69KV_1,-1,
ambiguous,BRINKER,,138,138,6.676730693,0.3130434783,1,0.8,0.7031121221,0.5062407279,one_to_one_conflict,ambiguous,TRUE,BIRSW_345KV_1,,,
ambiguous,SARGT_1T8,,138,138,7.021239879,0.3227272727,1,0.8,0.7018638519,0.5053419734,one_to_one_conflict,ambiguous,TRUE,DEALY_138KV_1,,,
ambiguous,ROCKHOUND2_3,RCKSW_13KV_1,13.8,13.8,6.14025805,0.25,1,0.8,0.6931923328,0.4990984796,top_ranked_unpropagated,ambiguous,TRUE,MDGLF_69KV_1,RCKSW_13KV_1,-1,
ambiguous,ROSNBG_S60_8,,138,138,3.424659075,0.1043478261,1,0.8,0.6888745339,0.4959896644,one_to_one_conflict,ambiguous,TRUE,PLK_138KV_1,,,
ambiguous,LIGGETTA1_8,,138,138,2.653454076,0.25,1,0.5555555556,0.6863366137,0.4941623619,one_to_one_conflict,ambiguous,TRUE,INAIR_138KV_1,,,
ambiguous,MARCY2A,,69,69,4.054145126,0.12,1,0.8,0.684955171,0.4931677231,one_to_one_conflict,ambiguous,TRUE,MUNDAYST_69KV_1,,,
ambiguous,PALE_ESS_5,PALE_ESS_345KV_1,345,345,18.12706104,0.5615384615,1,0.8444444444,0.680471971,0.4899398191,top_ranked_unpropagated,ambiguous,TRUE,ABERNATH_345KV_1,PALE_ESS_345KV_1,-1,
ambiguous,BBP_1_8,,13.8,13.8,0.3781631702,0.2823529412,1,0.3238095238,0.6797309839,0.4894063084,one_to_one_conflict,ambiguous,TRUE,BYU_13KV_5,,,
ambiguous,MED_CTR,,138,138,3.564910818,0.07058823529,1,0.8,0.6786681424,0.4886410625,one_to_one_conflict,ambiguous,TRUE,Q3_138KV_1,,,
ambiguous,SIMMONSSUB9,,69,69,5.521213782,0.15,1,0.8,0.6751300641,0.4860936462,one_to_one_conflict,ambiguous,TRUE,TILDEN_138KV_1,,,
ambiguous,MINWLLS1_8,,138,138,11.27717022,0.3630434783,1,0.8,0.6714636578,0.4834538336,one_to_one_conflict,ambiguous,TRUE,ORANS_13KV_2,,,
ambiguous,WHALENLK_8,DHUNO_138KV_1,138,138,0.8266834274,0.2086956522,1,0.4,0.6700264439,0.4824190396,top_ranked_unpropagated,ambiguous,TRUE,DHUNO_138KV_1,DHUNO_138KV_1,1,
ambiguous,PC__PANTHER3,,34.5,34.5,2.775395424,0.3431818182,1,0.3166666667,0.6602573088,0.4753852623,one_to_one_conflict,ambiguous,TRUE,PC_SOUTH_34KV_2,,,
ambiguous,VILLCK_R45_8,,138,138,6.122765592,0.1090909091,1,0.8,0.6581581671,0.4738738803,one_to_one_conflict,ambiguous,TRUE,ME_138KV_1,,,
ambiguous,TDWLPR_1_B2,TDWLPR_1_34KV_2,34.5,34.5,14.68942473,0.6615384615,1,0.48,0.6553123367,0.4718248824,top_ranked_unpropagated,ambiguous,TRUE,TNWILLOW_345KV_1,TDWLPR_1_34KV_2,0,
ambiguous,CHOC_B26TP_8,,138,138,6.602086713,0.1090909091,1,0.8,0.6529273457,0.4701076889,one_to_one_conflict,ambiguous,TRUE,SO_138KV_3,,,
ambiguous,LAMARBM1_8,PRNTH_138KV_1,138,138,5.384077631,0.2065217391,1,0.5666666667,0.6441600112,0.463795208,top_ranked_unpropagated,ambiguous,TRUE,PRNTH_138KV_1,PRNTH_138KV_1,1,
ambiguous,GOODLOE,CRSGU_138KV_1,138,138,6.5416003,0.06,1,0.8,0.6413078143,0.4617416263,top_ranked_unpropagated,ambiguous,TRUE,CHAPLHIL_138KV_1,CRSGU_138KV_1,-1,
ambiguous,WOODCK81TP_8,,138,138,9.432502824,0.1636363636,1,0.8,0.6381053038,0.4594358187,one_to_one_conflict,ambiguous,TRUE,RO_138KV_1,,,
ambiguous,WSINTONSUB9,,69,69,4.081435234,0.35,1,0.2666666667,0.6354544896,0.4575272325,one_to_one_conflict,ambiguous,TRUE,SINTON_69KV_1,,,
ambiguous,6825,,138,138,8.101665364,0.06,1,0.8,0.6250763826,0.4500549954,one_to_one_conflict,ambiguous,TRUE,EVANALRC_138KV_1,,,
ambiguous,EIFSLR_S1,,34.5,34.5,18.13933307,0.5738636364,1,0.44,0.602590031,0.4338648224,unmatched,ambiguous,TRUE,PARIS_138KV_1,,,
ambiguous,EPCO_P8,,138,138,9.488357363,0.24,1,0.48,0.5926741543,0.4267253911,unmatched,ambiguous,TRUE,EVANALRC_138KV_1,,,
ambiguous,PLATINUM_5,,345,345,9.340730592,0.1565217391,1,0.3866666667,0.5545209255,0.3992550663,unmatched,ambiguous,TRUE,CHMND_138KV_1,,,
ambiguous,PRSPERO2_S1,,34.5,34.5,15.4408259,0.2,1,0.4,0.5186206658,0.3734068794,unmatched,ambiguous,TRUE,ARETP_138KV_1,,,
ambiguous,TNGRISHAMC1,,138,138,36.7059751,0.192,1,0.8,0.5058697471,0.3642262179,unmatched,ambiguous,TRUE,PINNAC_138KV_1,,,
ambiguous,MAG_C1,,34.5,34.5,,0.5125,1,0.5,0.478125,0.34425,unmatched,ambiguous,TRUE,MAG_34KV_2,,,
ambiguous,SCENIC86TP_8,,138,138,,0.3432692308,1,0.3875,0.4133173077,0.2975884615,unmatched,ambiguous,TRUE,NEDIN_138KV_8,,,
ambiguous,DFW_EE1_8,,138,138,,0.4130434783,1,0,0.3532608696,0.2543478261,unmatched,ambiguous,TRUE,NEDIN_138KV_8,,,
ambiguous,EWALD2A,,69,1,,0.06666666667,0.65,0.52,0.2831666667,0.20388,unmatched,ambiguous,TRUE,TROJ_SLR_34KV_1,,,
low_or_unmatched,FREC_GT5,,18,18,0.07679997728,0.3782894737,1,0.8,0.8034225778,0.908464256,one_to_one_conflict,ambiguous,TRUE,FREC_18KV_6,,,
low_or_unmatched,DOWGEN_2_8,,138,138,1.070849917,0.625,1,0.8444444444,0.8594985868,0.6188389825,one_to_one_conflict,ambiguous,TRUE,DOWGEN_14KV_10,,,
low_or_unmatched,B_DAVIS_2_8,,138,138,0.20425625,0.4987179487,1,0.825,0.8366312355,0.6023744896,one_to_one_conflict,ambiguous,TRUE,B_DAVIS_138KV_2,,,
low_or_unmatched,CHE_CHEST1,,18,18,0.7365019686,0.4375,1,0.84,0.8165284096,0.5879004549,one_to_one_conflict,ambiguous,TRUE,CHE_18KV_3,,,
low_or_unmatched,GOVTWELL2A,GOVTWELL_69KV_1,69,69,0.1506464965,0.384,1,0.8,0.8037487916,0.57869913,top_ranked_unpropagated,low,FALSE,GOVTWELL_69KV_1,GOVTWELL_69KV_1,1,
low_or_unmatched,SPRGTOWN_8,SPRTN_138KV_1,138,138,0.05095066376,0.3652173913,1,0.8,0.8005410605,0.5763895636,top_ranked_unpropagated,low,FALSE,SPRTN_138KV_1,SPRTN_138KV_1,1,
low_or_unmatched,CABANISS4A,CABANISS_138KV_1,138,138,0.2704405037,0.3692307692,1,0.8,0.7982783883,0.5747604396,top_ranked_unpropagated,low,FALSE,CABANISS_138KV_1,CABANISS_138KV_1,1,
low_or_unmatched,WILDWIND_W1,WILDWIND_34KV_1,34.5,34.5,0.2046381008,0.5990384615,1,0.5,0.7967056942,0.5736280998,top_ranked_unpropagated,low,FALSE,WILDWIND_34KV_1,WILDWIND_34KV_1,1,
low_or_unmatched,BSF_GN,BSF_13KV_1,13.8,13.8,0.3790084732,0.3625,1,0.8,0.794993402,0.5723952495,top_ranked_unpropagated,low,FALSE,BSF_138KV_1,BSF_13KV_1,1,
low_or_unmatched,SPUR4A,SPUR_138KV_1,138,138,0.1420777692,0.2666666667,1,0.8181818182,0.7781794157,0.5602891793,top_ranked_unpropagated,low,FALSE,SPUR_69KV_1,SPUR_138KV_1,1,
low_or_unmatched,PADU4A,PADU_138KV_1,138,138,0.05222890646,0.2666666667,1,0.8,0.7758842551,0.5586366637,top_ranked_unpropagated,low,FALSE,PADU_138KV_1,PADU_138KV_1,1,
low_or_unmatched,LAPALMA2A,LA_PALMA_69KV_1,69,69,0.05358909785,0.35,1,0.6901960784,0.7747364552,0.5578102477,top_ranked_unpropagated,low,FALSE,LA_PALMA_1KV_1,LA_PALMA_69KV_1,1,
low_or_unmatched,S_MCALLN4A,S_MCALLN_138KV_1,138,138,4.114735166,0.4192307692,1,0.8571428571,0.7704504655,0.5547243352,top_ranked_unpropagated,low,FALSE,W_MCALLN_138KV_1,S_MCALLN_138KV_1,1,
low_or_unmatched,REROCK_UNIT2,,34.5,34.5,0.03566963741,0.5215,1,0.44,0.7678404323,0.5528451112,one_to_one_conflict,ambiguous,TRUE,REROCK_138KV_1,,,
low_or_unmatched,DOW_A3_1,,14.4,14.4,1.48307757,0.2857142857,1,0.8,0.7599872121,0.5471907927,one_to_one_conflict,ambiguous,TRUE,DOWGEN_14KV_7,,,
low_or_unmatched,RISINGSTAR,RISNGSTR_138KV_1,138,138,5.589665801,0.3692307692,1,0.9,0.7491600013,0.5393952009,top_ranked_unpropagated,low,FALSE,RISNGSTR_138KV_1,RISNGSTR_138KV_1,1,
low_or_unmatched,KNGCRK_8,KCRSW_138KV_1,138,138,2.305267801,0.2857142857,1,0.8,0.7487679908,0.5391129534,top_ranked_unpropagated,low,FALSE,KCRSW_138KV_1,KCRSW_138KV_1,1,
low_or_unmatched,TAYGETE_S1,,34.5,34.5,1.337630133,0.5875,1,0.3,0.7374668067,0.5309761008,one_to_one_conflict,ambiguous,TRUE,TAYGETE2_138KV_1,,,
low_or_unmatched,PARKD_1EN8,,138,138,1.809696106,0.2065217391,1,0.8,0.735676899,0.5296873673,one_to_one_conflict,ambiguous,TRUE,ENTOH_138KV_1,,,
low_or_unmatched,WALKER_X85T8,,138,138,3.634068853,0.2608695652,1,0.8,0.7253719676,0.5222678167,one_to_one_conflict,ambiguous,TRUE,RNG_138KV_1,,,
low_or_unmatched,CEDAR_87TP_8,,138,138,0.3246485895,0.2086956522,1,0.52,0.701343495,0.5049673164,one_to_one_conflict,ambiguous,TRUE,CBY_20KV_2,,,
low_or_unmatched,GOAT_CB5,,34.5,34.5,3.443175856,0.3782894737,1,0.5,0.6971260135,0.5019307297,one_to_one_conflict,ambiguous,TRUE,GOAT_345KV_1,,,
low_or_unmatched,S_CHAN__B138,,138,138,1.245193496,0.2931818182,1,0.45,0.6951871109,0.5005347199,one_to_one_conflict,ambiguous,TRUE,PSG_18KV_2,,,
low_or_unmatched,BEARLE_X96B8,,138,138,4.436795214,0.1636363636,1,0.8,0.6912222047,0.4976799874,one_to_one_conflict,ambiguous,TRUE,PSG_18KV_3,,,
low_or_unmatched,ROCKPORT2A,ROCKPORT_69KV_1,69,69,10.67065354,0.384,1,0.8181818182,0.6855951497,0.4936285078,top_ranked_unpropagated,low,FALSE,ARANSASP_69KV_2,ROCKPORT_69KV_1,-1,
low_or_unmatched,KINGNW_CB1,,34.5,34.5,6.213744567,0.219,1,0.8,0.6846329251,0.4929357061,one_to_one_conflict,ambiguous,TRUE,KINGMTSW_345KV_1,,,
low_or_unmatched,AROYA_8,,138,138,5.558605936,0.18,1,0.8,0.6822048828,0.4911875156,one_to_one_conflict,ambiguous,TRUE,PB2SES_13KV_1,,,
low_or_unmatched,NORS2,,1,1,3.666064191,0.225,1,0.625,0.6810047072,0.4903233892,one_to_one_conflict,ambiguous,TRUE,QALSW_13KV_5,,,
low_or_unmatched,P_WIMBER8_1_,WIMBER_138KV_1,138,138,16.33534538,0.484,1,0.84,0.6715573266,0.4835212752,top_ranked_unpropagated,low,FALSE,TIMPP_13KV_6,WIMBER_138KV_1,-1,
low_or_unmatched,BLVN_SLR_5,BLVN_SLR_345KV_1,345,345,19.93805971,0.5615384615,1,0.8363636364,0.6683635032,0.4812217223,top_ranked_unpropagated,low,FALSE,COWSW_138KV_1,BLVN_SLR_345KV_1,-1,
low_or_unmatched,LONGPAST_T8,,138,138,6.910904954,0.15,1,0.8,0.659850291,0.4750922095,one_to_one_conflict,ambiguous,TRUE,MVRCK_138KV_1,,,
low_or_unmatched,PEY2_C1,,34.5,34.5,5.513485179,0.4029411765,1,0.4,0.6584533384,0.4740864036,one_to_one_conflict,ambiguous,TRUE,STPFACHL_138KV_1,,,
low_or_unmatched,ESTONIAN_S1,,34.5,34.5,1.273173698,0.2596153846,1,0.2666666667,0.6497347423,0.4678090145,one_to_one_conflict,ambiguous,TRUE,BAKE_SLR_345KV_1,,,
low_or_unmatched,PERMIANB_8,,138,138,10.91519494,0.2307692308,1,0.8,0.6415127329,0.4618891677,one_to_one_conflict,ambiguous,TRUE,PB2SES_13KV_4,,,
low_or_unmatched,CASTRVLL,,138,138,7.331906056,0.06666666667,1,0.8,0.6345936906,0.4569074573,one_to_one_conflict,ambiguous,TRUE,K5_138KV_1,,,
low_or_unmatched,RNDROCK1_8,,138,138,8.7048252,0.194,1,0.6666666667,0.6259658914,0.4506954418,one_to_one_conflict,ambiguous,TRUE,WILLIAMS_138KV_1,,,
low_or_unmatched,LMJDSW_W2,,34.5,34.5,6.856356701,0.425,1,0.2666666667,0.6225135817,0.4482097788,unmatched,ambiguous,TRUE,PALMWIND_34KV_1,,,
low_or_unmatched,LV4_CAP,,34.5,34.5,6.576128669,0.1142857143,1,0.45,0.5845061273,0.4208444116,unmatched,ambiguous,TRUE,MESTENO_345KV_1,,,
low_or_unmatched,FIGARO7A,,345,345,12.80303191,0.05,1,0.8,0.5806637485,0.4180778989,unmatched,ambiguous,TRUE,BUEYE_138KV_1,,,
low_or_unmatched,HOPKNSLR_S1,,34.5,34.5,7.765092173,0.2596153846,1,0.2666666667,0.5717090702,0.4116305305,unmatched,ambiguous,TRUE,SSETP_138KV_1,,,
low_or_unmatched,TMPSW13_2,,13.8,13.8,,0.4982142857,1,0.85,0.5445535714,0.3920785714,unmatched,ambiguous,TRUE,PLATINUM_34KV_2,,,
low_or_unmatched,CBREAKS_C1,,34.5,34.5,22.53308216,0.425,1,0.45,0.5434847703,0.3913090346,unmatched,ambiguous,TRUE,SSPURTWO_34KV_1,,,
low_or_unmatched,APOGEE_W6,,34.5,34.5,8.602895018,0.1090909091,1,0.2,0.5123972092,0.3689259906,unmatched,ambiguous,TRUE,PERIGEE_345KV_1,,,
low_or_unmatched,154211,,13.8,69,4.680463426,0.06666666667,0.65,0.45,0.5065697104,0.3647301915,unmatched,ambiguous,TRUE,GTVSW_69KV_1,,,
low_or_unmatched,SHRPD1_T8,,138,138,,0.2681818182,1,0.8,0.4770454545,0.3434727273,unmatched,ambiguous,TRUE,GTRSW_138KV_1,,,
low_or_unmatched,KILN_FTHD_8,,138,138,,0.317,1,0.5666666667,0.4425833333,0.31866,unmatched,ambiguous,TRUE,NEDIN_138KV_8,,,
low_or_unmatched,WALLEYE2_3,,13.8,13.8,,0.3982142857,1,0.45,0.4395535714,0.3164785714,unmatched,ambiguous,TRUE,AEEC_18KV_3,,,
low_or_unmatched,INWRD2_8,,138,138,,0.1714285714,1,0.625,0.4178571429,0.3008571429,unmatched,ambiguous,TRUE,NEDIN_138KV_8,,,
low_or_unmatched,KILLSTAGE1_8,,138,138,,0.3432692308,1,0.3875,0.4133173077,0.2975884615,unmatched,ambiguous,TRUE,NEDIN_138KV_8,,,
low_or_unmatched,TEAL_88,,345,345,,0.1565217391,1,0.5733333333,0.4037971014,0.290733913,unmatched,ambiguous,TRUE,TROJ_SLR_345KV_2,,,
topology_supported,SCLPCOGN_2_8,SCLPCOGN_138KV_1,138,138,0.1364376182,0.4785714286,1,0.8444444444,0.8364921466,0.9822743456,propagated,high,FALSE,SCLPCOGN_13KV_4,SCLPCOGN_138KV_1,1,
topology_supported,CHARCOSUB9,CHARCOS_69KV_1,69,69,0.03293184039,0.4,1,0.8,0.8095064289,0.9628446288,propagated,high,FALSE,CHARCOS_69KV_1,CHARCOS_69KV_1,1,
topology_supported,SAPOWER2A,SAPOWER_69KV_1,69,69,0.01296042727,0.3652173913,1,0.8,0.8011100044,0.9567992032,propagated,high,FALSE,SAPOWER_69KV_1,SAPOWER_69KV_1,1,
topology_supported,CHISMGRD_G1,CHISMGRD_34KV_1,34.5,34.5,0.0453340284,0.5990384615,1,0.85,0.8690803751,0.95573787,seed,high,FALSE,CHISMGRD_34KV_1,CHISMGRD_34KV_1,1,
topology_supported,MARKHAM2A,MARKHAM_69KV_1,69,69,0.137019761,0.3652173913,1,0.8,0.7992560758,0.9554643746,propagated,high,FALSE,MARKHAM_69KV_1,MARKHAM_69KV_1,1,
topology_supported,L_FORTLA8_1Y,FTLN_138KV_1,138,138,0.05225250298,0.3,1,0.8,0.7842172354,0.9446364095,propagated,high,FALSE,FTLN_138KV_1,FTLN_138KV_1,1,
topology_supported,TRSES6_1,TRSES_1KV_1,1,1,0.4022370902,0.5796052632,1,0.8181818182,0.8525643914,0.9438463618,propagated,high,FALSE,TRSES_22KV_1,TRSES_1KV_1,1,
topology_supported,SNMIGUELSWB8,SANMGSW_138KV_1,138,138,0.5839739323,0.3111111111,1,0.8,0.7791448177,0.9409842688,propagated,high,FALSE,SANMIGL_1KV_2,SANMGSW_138KV_1,1,
topology_supported,FORSW3_1,FORSW_1KV_1,1,1,6.187812454,0.5796052632,1,0.8,0.7750695273,0.9380500597,propagated,high,FALSE,FRNYPP_18KV_8,FORSW_1KV_1,-1,
topology_supported,RIPPEY_8,RIPPEY_138KV_1,138,138,0.01836876757,0.4988636364,1,0.825,0.8394405041,0.9343971629,propagated,high,FALSE,RIPPEY_138KV_1,RIPPEY_138KV_1,1,
topology_supported,RAYROBRT_8,RAYSW_138KV_1,138,138,0.7500424229,0.2608695652,1,0.8222222222,0.7686195481,0.9334060747,propagated,high,FALSE,RIPPEY_138KV_1,RAYSW_138KV_1,1,
topology_supported,CHAD4A,FTCHADBT_138KV_1,138,138,0.04030611786,0.2181818182,1,0.8222222222,0.768385916,0.9332378595,propagated,high,FALSE,FTCHADBT_138KV_1,FTCHADBT_138KV_1,1,
topology_supported,SCLP_SCLPC_1,SCLPCOGN_13KV_1,13.8,13.8,0.107376944,0.4361111111,1,0.84,0.8254214396,0.9243034365,propagated,ambiguous,TRUE,SCLPCOGN_13KV_4,SCLPCOGN_13KV_1,1,
topology_supported,CORAZON_5,CORAZON_345KV_1,345,345,1.18056296,0.5125,1,0.8222222222,0.8253735147,0.9242689306,propagated,high,FALSE,CORAZON_345KV_1,CORAZON_345KV_1,1,
topology_supported,BRYN_RELLIS,RELLIS_138KV_1,138,138,4.065764398,0.3505,1,0.8666666667,0.7557712356,0.9241552897,propagated,high,FALSE,RELLIS_138KV_1,RELLIS_138KV_1,1,
topology_supported,NRTHSANGER,NSANGER_138KV_1,138,138,3.082599982,0.336,1,0.8,0.7511481751,0.9208266861,propagated,high,FALSE,NSANGER_138KV_1,NSANGER_138KV_1,1,
topology_supported,FDRAN2A,FRIEND_R_69KV_1,69,69,0.06943336878,0.1636363636,1,0.8,0.7498693962,0.9199059652,propagated,high,FALSE,FRIEND_R_69KV_1,FRIEND_R_69KV_1,1,
topology_supported,DILLEYSW2A,DILLEYSW_69KV_2,69,69.1,0.05973265328,0.507,0.65,0.8,0.7483553469,0.9188158497,propagated,medium,FALSE,DILLEYSW_69KV_1,DILLEYSW_69KV_2,1,
topology_supported,ELM_MOTT_3,ELMOT_13KV_1,13.8,13.8,0.1098625845,0.3818181818,1,0.85,0.8138111246,0.9159440097,propagated,high,FALSE,ELMOT_345KV_1,ELMOT_13KV_1,1,
topology_supported,FILESVALY_5,FVLSW_345KV_1,345,345,2.563036629,0.25,1,0.8222222222,0.7408603844,0.9134194768,propagated,high,FALSE,GVGLF_69KV_1,FVLSW_345KV_1,1,
topology_supported,STRYKER_8,SCSES_138KV_1,138,138,0.3398432625,0.1636363636,1,0.7412698413,0.734108476,0.9085581027,propagated,high,FALSE,SCSES_138KV_1,SCSES_138KV_1,1,
topology_supported,PEARSALLSW9,PEARSALL_69KV_1,69,69,4.475639897,0.4153846154,1,0.6666666667,0.7270263096,0.9034589429,propagated,high,FALSE,PEARSAL2_13KV_3,PEARSALL_69KV_1,1,
topology_supported,HENDRCH_5,HNDSW_345KV_1,345,345,4.001177162,0.2727272727,1,0.8,0.7237865878,0.9011263432,propagated,high,FALSE,JCKCNTY2_345KV_3,HNDSW_345KV_1,1,
topology_supported,STPSW4A,STPSW_138KV_1,138,138,4.899005946,0.3,1,0.8,0.7198230325,0.8982725834,propagated,high,FALSE,PLACIOS_69KV_2,STPSW_138KV_1,1,
topology_supported,FTLN2A,FTLN_69KV_1,69,69,0.09519014495,0.2823529412,1,0.8,0.7791637757,0.8909979185,propagated,high,FALSE,FTLN_138KV_1,FTLN_69KV_1,1,
topology_supported,TEASELVL_8,TSLVL_138KV_1,138,138,1.862631962,0.3652173913,1,0.8,0.7746264269,0.8877310274,propagated,high,FALSE,TSVLP_138KV_1,TSLVL_138KV_1,1,
topology_supported,CSST,CSSWCS_138KV_1,138,138,2.492051444,0.2,1,0.6974358974,0.7043414898,0.8871258727,propagated,high,FALSE,CSSWCS_138KV_2,CSSWCS_138KV_1,1,
topology_supported,JORDAN__B345,JOR_345KV_1,345,345,10.42034642,0.4568181818,1,0.8,0.7023793567,0.8857131368,propagated,high,FALSE,WRN_138KV_1,JOR_345KV_1,-1,
topology_supported,L_BEVO__8_1Y,BEVO_138KV_1,138,138,12.34723016,0.509057971,1,0.8,0.6990741949,0.8833334203,propagated,high,FALSE,CARRIZO_69KV_1,BEVO_138KV_1,-1,
topology_supported,DCRDVA_DM_8,DCDAM_138KV_1,138,138,8.04215754,0.35,1,0.8,0.6981725746,0.8826842537,propagated,high,FALSE,DCSES_13KV_1,DCDAM_138KV_1,-1,
topology_supported,DAG_8,DAG_138KV_1,138,138,4.67618036,0.4375,1,0.8181818182,0.7604652535,0.8775349825,propagated,high,FALSE,DAG_34KV_2,DAG_138KV_1,1,
topology_supported,CAUTHORN4A,CTHR_138KV_1,138,138,0.3035140522,0.2181818182,1,0.8,0.760027115,0.8772195228,propagated,high,FALSE,CTHR_138KV_1,CTHR_138KV_1,1,
topology_supported,TREADWEL4A,TREADWEL_138KV_1,138,138,9.67027279,0.3692307692,1,0.8,0.6872915999,0.8748499519,propagated,high,FALSE,CFLATS_138KV_1,TREADWEL_138KV_1,-1,
topology_supported,L_CAPOTE8_1Y,CAPOTE_138KV_1,138,138,11.5459305,0.4192307692,1,0.8,0.683231918,0.871926981,propagated,high,FALSE,HIGH12_138KV_1,CAPOTE_138KV_1,-1,
topology_supported,WEAVERRD2A,WEAVERRD_69KV_1,69,69,4.417352337,0.384,1,0.8,0.7465468463,0.8675137294,propagated,high,FALSE,WEAVERRD_69KV_1,WEAVERRD_69KV_1,,
topology_supported,VISTRON_TG2,VISTRON_13KV_1,13.8,13.8,0.3713151278,0.4465,1,0.44,0.7441066577,0.8657567935,propagated,high,FALSE,VISTRON_13KV_1,VISTRON_13KV_1,0,
topology_supported,HONDOCREEK9,HONDOCK_69KV_2,69,69,9.655473169,0.384,1,0.6,0.6511208428,0.8488070068,propagated,medium,FALSE,HONDOCS_69KV_1,HONDOCK_69KV_2,1,
topology_supported,LNCRK2_1_5,LNCRK_345KV_2,345,345.1,4.527412137,0.3505434783,0.65,0.8,0.6493626246,0.8475410897,propagated,medium,FALSE,WSHACK_345KV_1,LNCRK_345KV_2,-1,
topology_supported,LIPTON4A,LIPTON_138KV_1,138,138,13.62391479,0.3272727273,1,0.8285714286,0.6493359393,0.8475218763,propagated,medium,FALSE,W_BATESV_138KV_1,LIPTON_138KV_1,-1,
topology_supported,LONG_HLLW_5,LONSW_345KV_1,345,345,13.73883424,0.3,1,0.8444444444,0.6448226033,0.8442722743,propagated,medium,FALSE,BRYSNTN_69KV_1,LONSW_345KV_1,-1,
topology_supported,NIPAKTAP_8,NPKTP_138KV_1,138,138,8.352882854,0.3652173913,1,0.825,0.7038833138,0.8367959859,propagated,ambiguous,TRUE,TRSES_345KV_3,NPKTP_138KV_1,-1,
topology_supported,SCOTLD_P8,SCTLD_138KV_1,138,138,17.20337641,0.3818181818,1,0.8,0.6323817404,0.8353148531,propagated,medium,FALSE,BKWTP_69KV_1,SCTLD_138KV_1,-1,
topology_supported,WACO_NE1_8,WNETP_138KV_1,138,138,14.8079006,0.3108695652,1,0.8,0.6307950349,0.8341724251,propagated,medium,FALSE,WNTHW_138KV_1,WNETP_138KV_1,1,
topology_supported,L_KENDAL1_3Y,KENDAL_13KV_1,13.2,13.2,11.11851386,0.434,1,0.84,0.6985623277,0.8329648759,propagated,medium,FALSE,COMFOR_138KV_1,KENDAL_13KV_1,-1,
topology_supported,GARNET4A,GARNET_138KV_1,138,138,17.29836821,0.3272727273,1,0.8444444444,0.6270328429,0.8314636469,propagated,medium,FALSE,BRONTE_69KV_1,GARNET_138KV_1,-1,
topology_supported,L_BERGHE1_1Y,BERGHE_13KV_1,13.2,13.2,12.64512529,0.459,1,0.8,0.6841674463,0.8226005613,propagated,medium,FALSE,V5_138KV_1,BERGHE_13KV_1,-1,
topology_supported,STPHNVIL_8,STNVL_138KV_1,138,138,7.292874371,0.3652173913,1,0.6666666667,0.6829708885,0.8217390397,propagated,medium,FALSE,RRC_WIND_34KV_4,STNVL_138KV_1,-1,
topology_supported,GRESHRD_8,GRDSW_138KV_1,138,138,24.24682267,0.2727272727,1,0.85,0.5774318111,0.795750904,propagated,medium,FALSE,NACPW_13KV_1,GRDSW_138KV_1,-1,
topology_supported,SPRNKL_MB2,SPRINKLE_138KV_1,138,138,17.45571595,0.3230769231,1,0.85,0.6261050485,0.7317956349,propagated,medium,FALSE,CENAUS_69KV_1,SPRINKLE_138KV_1,-1,
topology_supported,DEVSWNRMOPEN,DEVINESW_69KV_1,69,69,4.10656331,0.2222222222,1,0.4,0.6298695619,0.6925060846,propagated,ambiguous,TRUE,LYTLE2_138KV_2,DEVINESW_69KV_1,0,
latlon_disagreed_with_graph,TNGRENBELT1,GRNBELT_138KV_1,138,138,3.272533824,0.4442307692,1,0.8571428571,0.7872039409,0.9467868375,propagated,high,FALSE,TNPRXAIR_69KV_1,GRNBELT_138KV_1,1,
latlon_disagreed_with_graph,CHE_2_8,CHE_138KV_2,138,138,0.7296670943,0.5083333333,1,0.82,0.8303355761,0.9278416148,top_ranked_unpropagated,ambiguous,TRUE,CHE_18KV_3,CHE_138KV_2,1,
latlon_disagreed_with_graph,RED_OAK1_8,RDOAK_138KV_1,138,138,4.971699232,0.4152173913,1,0.8,0.7477754267,0.9183983072,propagated,high,FALSE,GLNHT_138KV_1,RDOAK_138KV_1,1,
latlon_disagreed_with_graph,CPCSUB_8,CPCSUB9_138KV_1,138,138,11.95597839,0.4173913043,1,0.8666666667,0.6926874429,0.8787349589,propagated,high,FALSE,SCLPCOGN_13KV_3,CPCSUB9_138KV_1,-1,
latlon_disagreed_with_graph,LIPTON4A,LIPTON_138KV_1,138,138,13.62391479,0.3272727273,1,0.8285714286,0.6493359393,0.8475218763,propagated,medium,FALSE,W_BATESV_138KV_1,LIPTON_138KV_1,-1,
latlon_disagreed_with_graph,VENUS_N5,VENSW_345KV_2,345,345,8.001410925,0.3428571429,1,0.8272727273,0.7022506589,0.8366204744,propagated,medium,FALSE,MDANP_21KV_6,VENSW_345KV_2,-1,
latlon_disagreed_with_graph,PLACEDOSUB9,PLCEDOS_69KV_1,69,69,12.08061551,0.384,1,0.8,0.6699811856,0.8123864536,top_ranked_unpropagated,medium,FALSE,FORDTRN_69KV_1,PLCEDOS_69KV_1,-1,
latlon_disagreed_with_graph,L_MARSFO1_1,MARSFO_1KV_1,1,1,0.2084855264,0.6173913043,1,0.8,0.8612367865,0.6200904863,top_ranked_unpropagated,ambiguous,TRUE,MARSFO_69KV_2,MARSFO_1KV_1,1,
latlon_disagreed_with_graph,MDANP_CT4,MDANP_21KV_4,21,21,0.304070213,0.5375,1,0.8,0.8398484438,0.6046908795,top_ranked_unpropagated,ambiguous,TRUE,MDANP_21KV_5,MDANP_21KV_4,1,
latlon_disagreed_with_graph,THW_N1,THW_13KV_8,13.8,13.8,0.4935713158,0.4375,1,0.8,0.8120620381,0.5846846674,top_ranked_unpropagated,ambiguous,TRUE,THW_138KV_3,THW_13KV_8,1,
latlon_disagreed_with_graph,CVC_TERT,CVC_1KV_1,1,1,0.8304339062,0.3448529412,1,0.8444444444,0.7929006808,0.5708884902,top_ranked_unpropagated,low,FALSE,CVC_18KV_1,CVC_1KV_1,1,
latlon_disagreed_with_graph,INDNNWP_2,INDNNWP_138KV_1,138,138,3.355859652,0.4625,1,0.8222222222,0.7837281012,0.5642842328,top_ranked_unpropagated,low,FALSE,FOURMI_138KV_1,INDNNWP_138KV_1,1,
latlon_disagreed_with_graph,TNTOLAR___1,TNTOLAR_138KV_1,138,138,10.8213515,0.6916666667,1,0.8,0.7575546037,0.5454393147,top_ranked_unpropagated,low,FALSE,GRBY8_138KV_1,TNTOLAR_138KV_1,0,
latlon_disagreed_with_graph,WALLST1_8,,138,138,0.5763449779,0.2136363636,1,0.8,0.7548872933,0.5435188512,one_to_one_conflict,ambiguous,TRUE,RVRFT_138KV_1,,,
latlon_disagreed_with_graph,STEVENS2A,,69,69,0.0866098109,0.4923913043,1,0.4,0.7518014878,0.5412970712,one_to_one_conflict,ambiguous,TRUE,STEVENS_69KV_1,,,
latlon_disagreed_with_graph,MCKNY_SW1_8,,138,138,1.560431301,0.25,1,0.8,0.749983344,0.5399880076,one_to_one_conflict,ambiguous,TRUE,CUSTR_138KV_2,,,
latlon_disagreed_with_graph,ELECTRA_5,DIGBY_345KV_1,345,345,0.5552696501,0.1090909091,1,0.86,0.7410582415,0.5335619339,top_ranked_unpropagated,low,FALSE,DIGBY_34KV_2,DIGBY_345KV_1,1,
latlon_disagreed_with_graph,KLEBERG4B,,138,138,0.260413555,0.35,1,0.5333333333,0.740285784,0.5330057645,one_to_one_conflict,ambiguous,TRUE,KLEBERG_138KV_2,,,
latlon_disagreed_with_graph,PYR_PYRON2,PYR_34KV_2,34.5,34.5,2.117123395,0.4375,1,0.4666666667,0.7225745399,0.5202536687,top_ranked_unpropagated,ambiguous,TRUE,PYR_34KV_1,PYR_34KV_2,1,
latlon_disagreed_with_graph,DVIL1_8,DNCNV_138KV_1,138,138,4.467592089,0.29,1,0.8,0.7224433539,0.5201592148,top_ranked_unpropagated,ambiguous,TRUE,CDHSW_13KV_1,DNCNV_138KV_1,1,
latlon_disagreed_with_graph,HARDY__C21_8,,138,138,2.229327822,0.1714285714,1,0.8,0.7212135793,0.5192737771,one_to_one_conflict,ambiguous,TRUE,GN_138KV_1,,,
latlon_disagreed_with_graph,MILLER,MILLERRD_138KV_1,138,138,6.366688901,0.3272727273,1,0.8285714286,0.7157403133,0.5153330256,top_ranked_unpropagated,ambiguous,TRUE,GRLWS_138KV_1,MILLERRD_138KV_1,-1,
latlon_disagreed_with_graph,BULLHEAD_P8,,138,138,2.580072158,0.15,1,0.8,0.7111912383,0.5120576916,one_to_one_conflict,ambiguous,TRUE,SAVAN_138KV_1,,,
latlon_disagreed_with_graph,MCDLD_SBW1,,34.5,34.5,2.831851417,0.5193181818,1,0.3333333333,0.7068886589,0.5089598344,one_to_one_conflict,ambiguous,TRUE,MCDLD_34KV_2,,,
latlon_disagreed_with_graph,L_MOUNTO8_1Y,,138,138,9.948400714,0.4192307692,1,0.8142857143,0.7000940874,0.5040677429,one_to_one_conflict,ambiguous,TRUE,JOHNCI_138KV_1,,,
latlon_disagreed_with_graph,L_GILLET8_1Y,GILLET_138KV_1,138,138,10.33765183,0.4192307692,1,0.82,0.6977207333,0.502358928,top_ranked_unpropagated,ambiguous,TRUE,NIXOAE_138KV_1,GILLET_138KV_1,0,
latlon_disagreed_with_graph,LIBRTY21TP_8,,138,138,4.369906692,0.1636363636,1,0.8,0.6920272597,0.4982596269,one_to_one_conflict,ambiguous,TRUE,CGR_138KV_1,,,
latlon_disagreed_with_graph,RADN_SLR_5,,345,345,1.811046125,0.1565217391,1,0.625,0.6881584012,0.4954740489,one_to_one_conflict,ambiguous,TRUE,CMNSW_138KV_1,,,
latlon_disagreed_with_graph,HILLCTY1_8,HILLCTRY_138KV_1,138,138,10.45381894,0.4653846154,1,0.7111111111,0.6864452386,0.4942405718,top_ranked_unpropagated,ambiguous,TRUE,M3_138KV_1,HILLCTRY_138KV_1,0,
latlon_disagreed_with_graph,TEMP_SS__3,,13.8,13.8,8.653467738,0.2857142857,1,0.85,0.6860602779,0.4939634001,one_to_one_conflict,ambiguous,TRUE,SYBR_SLR_34KV_2,,,
latlon_disagreed_with_graph,L_FAYEPL8_1Y,FPP138_138KV_1,138,138,7.732438097,0.2807692308,1,0.8,0.683996679,0.4924776089,top_ranked_unpropagated,ambiguous,TRUE,FPPYD1_24KV_2,FPP138_138KV_1,-1,
latlon_disagreed_with_graph,JKLP_SLR_C3,,138,138,3.804928796,0.08888888889,1,0.8,0.6802488313,0.4897791585,one_to_one_conflict,ambiguous,TRUE,GREGORY_69KV_1,,,
latlon_disagreed_with_graph,FENCESLR_C2,,34.5,34.5,10.22008433,0.5990384615,1,0.5,0.6797274715,0.4894037795,one_to_one_conflict,ambiguous,TRUE,KERNS_138KV_1,,,
latlon_disagreed_with_graph,SHER_W_8,,138,138,8.20528368,0.2285714286,1,0.8153846154,0.6692622645,0.4818688304,one_to_one_conflict,ambiguous,TRUE,WBOSE_138KV_1,,,
latlon_disagreed_with_graph,HCAUTO1,HILLCTRY_13KV_1,13.8,13.8,10.10543774,0.2931818182,1,0.8,0.6642979083,0.478294494,top_ranked_unpropagated,ambiguous,TRUE,M3_138KV_1,HILLCTRY_13KV_1,-1,
latlon_disagreed_with_graph,COTWIND_C1,COTPLNS_34KV_1,34.5,34.5,6.059546255,0.375,1,0.49,0.663334756,0.4776010243,top_ranked_unpropagated,ambiguous,TRUE,COTPLNS_345KV_1,COTPLNS_34KV_1,1,
latlon_disagreed_with_graph,HHG_CALLAHAN,,34.5,34.5,4.799869338,0.4180555556,1,0.2666666667,0.6438371223,0.463562728,one_to_one_conflict,ambiguous,TRUE,CALLAHAN_138KV_2,,,
latlon_disagreed_with_graph,L_CAMPGA8_1Y,,138,138,2.769332466,0.1884615385,1,0.4,0.6383230781,0.4595926162,one_to_one_conflict,ambiguous,TRUE,BEBACK_138KV_1,,,
latlon_disagreed_with_graph,TAM_TAM_GTG1,,12.47,12.47,11.37603967,0.4647727273,1,0.45,0.6260541878,0.4507590152,one_to_one_conflict,ambiguous,TRUE,SRAYBURN_69KV_1,,,
latlon_disagreed_with_graph,DOOLEY_9,,69,69,13.96388793,0.1565217391,1,0.8,0.5983752597,0.430830187,unmatched,ambiguous,TRUE,LONESTAR_138KV_1,,,
latlon_disagreed_with_graph,BL_BL_BRN_1,,69,69,8.867119868,0.275,1,0.4285714286,0.5970278843,0.4298600767,unmatched,ambiguous,TRUE,LAURELES_138KV_1,,,
latlon_disagreed_with_graph,SANDOW1_8,,138,138,21.13415975,0.3272727273,1,0.8,0.5960976498,0.4291903079,unmatched,ambiguous,TRUE,GRAN_SLR_34KV_1,,,
latlon_disagreed_with_graph,BART_SLR_S1,,34.5,34.5,,0.6365384615,1,0.88,0.5851346154,0.4212969231,unmatched,ambiguous,TRUE,BART_SLR_34KV_1,,,
latlon_disagreed_with_graph,GPL_KINGMTSW,,345,345,3.254908536,0.2571428571,1,0,0.569227964,0.4098441341,unmatched,ambiguous,TRUE,QUEEN_BA_34KV_1,,,
latlon_disagreed_with_graph,MONTECR1_5,,345,345,,0.5740384615,1,0.825,0.5585096154,0.4021269231,unmatched,ambiguous,TRUE,NEDIN_345KV_5,,,
latlon_disagreed_with_graph,AQUILLA_W12,,34.5,69,10.46127164,0.144,0.65,0.8,0.5363105918,0.3861436261,unmatched,ambiguous,TRUE,WHITNEY_69KV_1,,,
latlon_disagreed_with_graph,JUMANO1_8,,138,138,,0.3525,1,0.5666666667,0.4514583333,0.32505,unmatched,ambiguous,TRUE,NEDIN_138KV_8,,,
latlon_disagreed_with_graph,SLSTR1PP_8,,138,138,,0.2586956522,1,0.6,0.434673913,0.3129652174,unmatched,ambiguous,TRUE,NEDIN_138KV_8,,,
latlon_disagreed_with_graph,SPARNBRG_9,,69,34.5,14.94965828,0.192,0.65,0.225,0.3975671113,0.2862483201,unmatched,ambiguous,TRUE,CLEARFRK_345KV_1,,,
latlon_disagreed_with_graph,BLF_CRK4A,,138,138,,0.1090909091,1,0.3766081871,0.3525943647,0.2538679426,unmatched,ambiguous,TRUE,GTRSW_138KV_1,,,